Workbook

Sheet 7.6Плнтс
A1: Ведомость работ
A2: № п.п. | B2: Наименование затрат | E2: Ед. изм. | F2: Объем
A3: 1 | B3: Установка напольного плинтуса | E3: пог. м. | F3: =B9 -> 347.7
A5: Этаж | B5: Объем
A6: 1 | B6: 74.96
A7: 2 | B7: 124.78
A8: 3 | B8: 147.96
A9: Итог: | B9: =SUM(B6:B8) -> 347.7

Sheet 7.5Линол
A1: Ведомость работ
A2: № п.п. | B2: Наименование затрат | E2: Описание | F2: Ед. изм. | G2: Объем
A3: 1 | B3: Устройство покрытия пола из линолеума | E3: Линолеум для коридоров БНК и ДОО - Линолеум TARKETT TEMPO PLUS 1004 | F3: м2 | G3: =B22 -> 1014.5
A4: 2 | B4: Устройство покрытия пола из линолеума | E4: Линолеум для спортзалов - Спортивные покрытия OMNISPORTS ACTION 40 GREY 200212004 | F4: м2 | G4: =G9 -> 419.8
A6: Пом. | B6: Объем | F6: Пом. | G6: Объем
A7: 1.05 | B7: 20.5 | F7: 2.19 | G7: 349.3
A8: 1.61 | B8: 15.1 | F8: 2.47 | G8: 70.5
A9: 2.58 | B9: 74.9 | F9: Итог: | G9: =SUM(G7:G8) -> 419.8
A10: 2.27 | B10: 18.6
A11: 2.28 | B11: 186.6
A12: 2.30 | B12: 105.8
A13: 2.08 | B13: 78.9
A14: 2.51 | B14: 37.5
A15: 2.56 | B15: 60.1
A16: 3.45 | B16: 86.2
A17: 3.44 | B17: 21.4
A18: 3.18 | B18: 106.1
A19: 3.19 | B19: 106.8
A20: 3.41 | B20: 36.4
A21: 3.42 | B21: 59.6
A22: Итог: | B22: =SUM(B7:B21) -> 1014.5

Sheet 7.4ПлЛш
A1: Ведомость работ
A2: № п.п. | B2: Наименование затрат | E2: Описание | F2: Ед. изм. | G2: Объем
A3: 1 | B3: Устройство покрытия пола СКБ из керамогранитной плитки | E3: размер 600x600 | F3: м2 | G3: =B9 -> 15.25
A4: 2 | B4: Устройство плинтуса из керамогранитной плитки СКБ | E4: размер 600x95 | F4: пог.м. | G4: 21.94
A5: Пом. | B5: Объем
A6: 1.36 | B6: 5.63
A7: 2.23 | B7: 4.92
A8: 3.18 | B8: 4.7
A9: Итог: | B9: =SUM(B6:B8) -> 15.25

Sheet 7.3Плт
A1: Ведомость работ
A2: № п.п. | B2: Наименование затрат | E2: Описание | F2: Ед. изм. | G2: Объем
A3: 1 | B3: Устройство покрытия пола СКБ из керамогранитной плитки / Керамогранит Грани Таганая моноколор, арт. GT100, цвет бежевый, толщина 10мм, матовый | E3: размер 600x600 | F3: м2 | G3: =B8 -> 102.6
A4: 2 | B4: Устройство плинтуса из керамогранитной плитки СКБ / Керамогранит Грани Таганая моноколор, арт. GT100, цвет бежевый, толщина 10мм, матовый | E4: размер 600x95 | F4: м2 | G4: =C8 -> 51.9
A5: Пом. | B5: Объем | C5: Пог.м.
A6: 1,77 | B6: 41.8 | C6: 21.12
A7: 1.78 | B7: 60.8 | C7: 30.78
A8: Итог: | B8: =SUM(B6:B7) -> 102.6 | C8: =SUM(C6:C7) -> 51.9

Sheet 7.1Стж
A1: Ведомость работ
A2: № п.п. | B2: Наименование затрат | E2: Описание | F2: Ед. изм. | G2: Объем
A3: 1 | B3: Устройство стяжки СКБ / армированная сеткой от 41 мм до 60 мм | E3: Толщина 50 мм. | F3: м2 | G3: =B11 -> 258
A4: Пом. | B4: Объем
A5: 1.64 | B5: 24
A6: 1.67 | B6: 51.3
A7: 1.68 | B7: 56.6
A8: 1.69 | B8: 18.5
A9: 1.73 | B9: 51.3
A10: 1.74 | B10: 56.3
A11: Итог: | B11: =SUM(B5:B10) -> 258

Sheet 6.4Гр
A1: Ведомость работ
A2: № п.п. | B2: Наименование затрат | E2: Описание | F2: Ед. изм. | G2: Объем
A3: 1 | B3: Укладка систем грязезащиты на пол | E3: Тип: Гр-1 | F3: пог.м | G3: =B9 -> 37.09
A4: Пом. | B4: Объем
A5: 1.01 | B5: 8.39
A6: 1.59 | B6: 8.2
A7: 1.63 | B7: 8.4
A8: 3.21 | B8: 12.1
A9: Итог: | B9: =SUM(B5:B8) -> 37.09

Sheet 6.3ПлинКер
A1: Ведомость работ
A2: № п.п. | B2: Наименование затрат | E2: Описание | F2: Ед. изм. | G2: Объем
A3: 1 | B3: Устройство плинтуса из керамогранитной плитки СКБ | E3: Плинтус H=100мм из керамогранита Kerama Marazzi Коллиано | F3: пог.м | G3: =B7 -> 20.42
A4: Пом. | B4: Объем
A5: 2.35 | B5: 10.25
A6: 3.21 | B6: 10.17
A7: Итог: | B7: =SUM(B5:B6) -> 20.42

Sheet 6.2Плинт
A1: Ведомость работ
A2: № п.п. | B2: Наименование затрат | D2: Описание | E2: Ед. изм. | F2: Объем
A3: 1 | B3: Установка напольного плинтуса / полимерного на клею | D3: Тип - ПЛ-4 | E3: пог.м | F3: =B9 -> 1553.13
A5: Эт | B5: Объем
A6: 1 | B6: 371.2
A7: 2 | B7: 590.25
A8: 3 | B8: 591.68
A9: Итог: | B9: =SUM(B6:B8) -> 1553.13

Sheet 6.1НалПл
A1: Ведомость работ
A2: № п.п. | B2: Наименование затрат | G2: Описание | I2: Ед. изм. | J2: Объем
A3: 1 | B3: Устройство наливных полов с огрунтовкой поверхности и проклейкой демпферной лентой / толщ. от 11 мм до 15 мм | G3: Тип П-13 Самовыравнивающаяся смесь с последующей шлифовкой − 13мм. | I3: м2 | J3: =B11+E8 -> 264.8
A5: Пом. | B5: Объем | D5: Пом. | E5: Объем
A6: 2.37 | B6: 23.5 | D6: 3.23 | E6: 23.4
A7: 2.42 | B7: 23.1 | D7: 3.28 | E7: 23.2
A8: 2.49 | B8: 72.5 | D8: Итог: | E8: =SUM(E6:E7) -> 46.6
A9: 2.51 | B9: 41.9
A10: 2.56 | B10: 57.2
A11: Итог: | B11: =SUM(B6:B10) -> 218.2

Sheet Общ
A1: Помещение | B1: Тип | C1: Площадь
A2: 1.01 | B2: П-7 | C2: 13.2
A3: 1.01 | B3: П-8 | C3: 13.2
A4: 1.02 | B4: П-8 | C4: 16.7
A5: 1.03 | B5: П-11 | C5: 5.3
A6: 1.04 | B6: П-3.1 | C6: 380.4
A7: 1.04 | B7: П-8 | C7: 380.4
A8: 1.04 | B8: П-12 | C8: 380.4
A9: 1.05 | B9: П-9.1 | C9: 22
A10: 1.06 | B10: П-11 | C10: 6.1
A11: 1.07 | B11: П-8 | C11: 10
A12: 1.08 | B12: П-8 | C12: 105.4
A13: 1.09 | B13: П-9.1 | C13: 63
... A126: 2.36 | B126: П-12 | C126: 8.4
A127: 2.37 | B127: П-13 | C127: 24 | E127: 23.4
A128: 2.38 | B128: П-15 | C128: 6.7
A129: 2.39 | B129: П-15 | C129: 29.7
A130: 2.40 | B130: П-13.1 | C130: 51.3 | E130: 50.9
A131: 2.41 | B131: П-13.1 | C131: 56.6 | E131: 55.8
A132: 2.42 | B132: П-13 | C132: 23.8 | E132: 23.01
A133: 2.43 | B133: П-15 | C133: 6.7
A134: 2.44 | B134: П-13.1 | C134: 51.3 | E134: 50.45
A135: 2.45 | B135: П-13.1 | C135: 56.3 | E135: 54.22
A136: 2.46 | B136: П-15 | C136: 29.7
A137: 2.47 | B137: П-14 | C137: 75.6
A138: 2.48 | B138: П-13 | C138: 7
A139: 2.49 | B139: П-13 | C139: 75.2 | E139: 73
A140: 2.50 | B140: П-13 | C140: 6.2 | E140: 6
A141: 2.51 | B141: П-13 | C141: 37.1 | E141: 42.4
A142: 2.52 | B142: П-15 | C142: 5.8
A143: 2.53 | B143: П-12 | C143: 6.2
A144: 2.54 | B144: П-12 | C144: 32.1
A145: 2.55 | B145: П-12 | C145: 6.5
A146: 2.56 | B146: П-13 | C146: 60.9 | E146: 59.6
A147: 2.57 | B147: П-12 | C147: 28.1
A148: 2.58 | B148: П-13.2 | C148: 76.2
A149: 3.01 | B149: П-13.3 | C149: 62.8
A150: 3.02 | B150: П-13.3 | C150: 89.1
A151: 3.03 | B151: П-13.3 | C151: 29.7
A152: 3.04 | B152: П-13.3 | C152: 64.8
A153: 3.05 | B153: П-13.3 | C153: 63.8
A154: 3.06 | B154: П-13.3 | C154: 65.5
A155: 3.07 | B155: П-13.3 | C155: 63.7
A156: 3.08 | B156: П-13.3 | C156: 64.3
A157: 3.09 | B157: П-15 | C157: 5.4
A158: 3.10 | B158: П-15 | C158: 15.6
... A193: 3.45 | B193: П-13.2 | C193: 87.5
H199: 1 | I199: 2 | J199: 3
G200: ПК-1 | H200: 0 | I200: 43.45 | J200: 48.41
G201: ПК-2 | H201: 0 | I201: 0 | J201: 0
G202: ПК-3 | H202: 412.19 | I202: 17.49 | J202: 0
G203: ПК-4 | H203: 166.47 | I203: 139.23 | J203: 88.32
G204: ПК-5 | H204: 70.17
G205: ПК-6
A206: Помещение | B206: Тип | C206: Площадь | G206: ПК-7
A207: 1.05 | B207: П-9.1 | C207: 22 | G207: ПК-8
A208: 1.09 | B208: П-9.1 | C208: 63
A209: 1.10 | B209: П-9.1 | C209: 64.3
A210: 1.11 | B210: П-9.1 | C210: 64.4
A211: 1.12 | B211: П-9.1 | C211: 131.2 | G211: ПЛ-4 | H211: 365.16 | I211: 741.6 | J211: 746.27
A212: 2.01 | B212: П-13.3 | C212: 63.7 | G212: ПЛ-6 | J212: 100.54
A213: 2.02 | B213: П-13.3 | C213: 90.2 | G213: ПЛ-8 | H213: 19.45
A214: 2.03 | B214: П-13.3 | C214: 40.1
A215: 2.04 | B215: П-13.3 | C215: 64
A216: 2.05 | B216: П-13.3 | C216: 65.4
A217: 2.06 | B217: П-13.3 | C217: 64.1
A218: 2.07 | B218: П-13.3 | C218: 64.3
A219: 2.08 | B219: П-13.2 | C219: 79.7
A220: 2.12 | B220: П-13.2 | C220: 27
A221: 2.15 | B221: П-13.2 | C221: 28
A222: 2.21 | B222: П-13.2 | C222: 14
A223: 2.27 | B223: П-13.2 | C223: 19.1
A224: 2.28 | B224: П-13.2 | C224: 201.1
A225: 2.30 | B225: П-13.2 | C225: 115.4
... A239: 3.45 | B239: П-13.2 | C239: 87.5

Sheet 469
A1: Ведомость работ
A2: № п.п. | B2: Наименование затрат | C2: Описание | D2: Ед. изм. | E2: Объем
A3: 1 | B3: Устройство покрытия пола СКБ с затиркой и укрытием ДВП / из керамогранитной плитки до 0,2м2/шт | C3: Тип: КР-10 | D3: м2 | E3: 207.1
A4: 2 | B4: Устройство покрытия пола СКБ с затиркой и укрытием ДВП / из керамогранитной плитки до 0,2м2/шт | C4: Тип: КР-1.1 | D4: м2 | E4: 207.5

Sheet 459
A1: Ведомость работ
A2: № п.п. | B2: Наименование затрат | C2: Описание | D2: Ед. изм. | E2: Объем
A3: 1 | B3: Устройство покрытия пола СКБ с затиркой и укрытием ДВП / из керамогранитной плитки до 0,2м2/шт | C3: Тип: КР-3 | D3: м2 | E3: 15.88

Sheet 454
A1: Ведомость работ
A2: № п.п. | B2: Наименование затрат | C2: Описание | D2: Ед. изм. | E2: Объем
A3: 1 | B3: Устройство покрытия пола СКБ с затиркой и укрытием ДВП / из керамогранитной плитки до 0,2м2/шт | C3: Тип: КР-2 | D3: м2 | E3: 31.2

Sheet 449
A1: Ведомость работ
A2: № п.п. | B2: Наименование затрат | C2: Описание | D2: Ед. изм. | E2: Объем
A3: 1 | B3: Устройство покрытия пола СКБ с затиркой и укрытием ДВП / из керамогранитной плитки до 0,2м2/шт | C3: Тип: КР-1 | D3: м2 | E3: -109.68

Sheet 414
A1: Ведомость работ
A2: № п.п. | B2: Наименование затрат | C2: Описание | D2: Ед. изм. | E2: Объем
A3: 1 | B3: Устройство покрытия пола СКБ с затиркой и укрытием ДВП / из керамогранитной плитки до 0,2м2/шт | C3: Подвал. Керамогранит Kerama Marazzi | D3: м2 | E3: 90.33

Sheet 409
A1: Ведомость работ
A2: № п.п. | B2: Наименование затрат | C2: Описание | D2: Ед. изм. | E2: Объем
A3: 1 | B3: Устройство покрытия пола СКБ с затиркой и укрытием ДВП / из керамогранитной плитки до 0,2м2/шт | C3: Тип: КР-6 | D3: м2 | E3: 20.54

Sheet 389
A1: Ведомость работ
A2: № п.п. | B2: Наименование затрат | C2: Описание | D2: Ед. изм. | E2: Объем
A3: 1 | B3: Устройство плинтуса из керамогранитной плитки СКБ | C3: Стены. П-1 | D3: пог. м | E3: 210
A4: 2 | B4: Устройство плинтуса из керамогранитной плитки СКБ | C4: Подвал. Плинтус H=100мм | D4: пог. м | E4: 7

Sheet 370
A1: Ведомость работ
A2: № п.п. | B2: Наименование затрат | C2: Описание | D2: Ед. изм. | E2: Объем
A3: 1 | B3: Устройство плинтуса из керамогранитной плитки СКБ | C3: Тип: ПК-1 | D3: пог. м | E3: 91.86
A4: 2 | B4: Устройство плинтуса из керамогранитной плитки СКБ | C4: Тип: ПК-4 | D4: пог. м | E4: 394.02
A5: 3 | B5: Устройство плинтуса из керамогранитной плитки СКБ | C5: Тип: ПК-3 | D5: пог. м | E5: 381.88
A6: 4 | B6: Устройство плинтуса из керамогранитной плитки СКБ | C6: Тип: ПК-5 Плинтус H=100мм из керамогранита Kerama Marazzi Коллиано, арт.SG912900N | D6: пог. м | E6: 38.27

Sheet 346
A1: Ведомость работ
A2: № п.п. | B2: Наименование затрат | F2: Описание | J2: Ед. изм. | K2: Объем
A3: 1 | B3: Облицовка ступеней СКБ керамогранитной плиткой с затиркой швов | F3: Тип: КР-9, Амфитеатр ступени. | J3: м2 | K3: 129.4
A4: 2 | B4: Облицовка ступеней СКБ керамогранитной плиткой с затиркой швов | F4: КР-8. Отделка лестницы амфитеатра и торцов ступеней-сидений | J4: м2 | K4: 45.7

Sheet 336
A1: Ведомость работ
A2: № п.п. | B2: Наименование затрат | F2: Описание | J2: Ед. изм. | K2: Объем
A3: 1 | B3: Облицовка ступеней СКБ керамогранитной плиткой с затиркой швов | F3: 1, 2, 3 этажи. Тип: КР-1.2, Проступь. | J3: м2 | K3: 338.3
A4: 2 | B4: Облицовка ступеней СКБ керамогранитной плиткой с затиркой швов | F4: 1, 2, 3 этажи. Тип: КР-1.3, Подступенок. | J4: м2 | K4: 190.6

Sheet 284
A1: Ведомость работ
A2: № п.п. | B2: Наименование затрат | F2: Описание | J2: Ед. изм. | K2: Объем
A3: 1 | B3: Установка стыковочных профилей | F3: Внешние углы облицовки плиткой. | J3: пог. м | K3: 416.235

Sheet 211
A1: Ведомость работ
A2: № п.п. | B2: Наименование затрат | F2: Описание | J2: Ед. изм. | K2: Объем
A3: 1 | B3: Утепление полов керамзитом | F3: Тип П-8.1 | J3: м3 | K3: 1.415

Sheet 209
A1: Ведомость работ
A2: № п.п. | B2: Наименование затрат | F2: Описание | J2: Ед. изм. | K2: Объем
A3: 1 | B3: Утепление полов керамзитом | F3: Тип П-8.1 | J3: м3 | K3: 1.415

Sheet 207
A1: Ведомость работ
A2: № п.п. | B2: Наименование затрат | F2: Описание | J2: Ед. изм. | K2: Объем
A3: 1 | B3: Устройство тепло-звукоизоляции полов / минвата / в 1 слой | F3: Пол. П-11 | J3: м2 | K3: 1.963

Sheet 196 (2)
A1: Ведомость работ
A2: № п.п. | B2: Наименование затрат | F2: Описание | J2: Ед. изм. | K2: Объем
A3: 1 | B3: Устройство обмазочной гидроизоляции с проклеиванием швов армированной лентой из стекловолокна / в 2 слоя | F3: стены (пилоны) на h=200 мм | J3: м2 | K3: 105.69
A4: 2 | B4: Устройство обмазочной гидроизоляции с проклеиванием швов армированной лентой из стекловолокна / в 2 слоя | F4: Тип П-7, П-11, П-15 в зоне входы в здание площадь стены (пилоны) на h=500 мм | J4: м2 | K4: 12
A5: Пом. | B5: Тип | C5: Площадь | E5: Пом. | F5: Тип | G5: Площадь | I5: Пом. | J5: Тип | K5: Площадь
A6: 1.03 | B6: П-11 | C6: 1.0711073 | E6: 2.09 | F6: П-15 | G6: 1.0913169 | I6: 3.09 | J6: П-15 | K6: 1.0913169
A7: 1.06 | B7: П-11 | C7: 1.2327839 | E7: 2.10 | F7: П-15 | G7: 2.3241008 | I7: 3.10 | J7: П-15 | K7: 3.1526933
A8: 1.13 | B8: П-11 | C8: 3.1526933 | E8: 2.11 | F8: П-15 | G8: 2.3443104 | I8: 3.11 | J8: П-15 | K8: 3.1324837
A9: 1.14 | B9: П-11 | C9: 1.0913169 | E9: 2.13 | F9: П-15 | G9: 2.7485018 | I9: 3.14 | J9: П-15 | K9: 1.0913169
A10: 1.15 | B10: П-11 | C10: 3.1324837 | E10: 2.14 | F10: П-15 | G10: 1.7178136 | I10: 3.15 | J10: П-15 | K10: 2.4049391
A11: 1.16 | B11: П-11 | C11: 0.48502973 | E11: 2.16 | F11: П-15 | G11: 2.1624242 | I11: 3.24 | J11: П-15 | K11: 1.3540413
A12: 1.21 | B12: П-11 | C12: 1.2125743 | E12: 2.17 | F12: П-15 | G12: 2.4655678 | I12: 3.27 | J12: П-15 | K12: 6.002243
A13: 1.22 | B13: П-11 | C13: 0.80838289 | E13: 2.20 | F13: П-15 | G13: 4.7290399 | I13: 3.31 | J13: П-15 | K13: 1.3540413
A14: 1.23 | B14: П-11 | C14: 1.0104786 | E14: 2.22 | F14: П-15 | G14: 1.0913169 | I14: 3.32 | J14: П-15 | K14: 6.002243
A15: 1.37 | B15: П-11 | C15: 2.2230529 | E15: 2.23 | F15: П-15 | G15: 1.9805381 | I15: 3.40 | J15: П-15 | K15: 1.2732031
A16: 1.65 | B16: П-11 | C16: 1.3540413 | E16: 2.24 | F16: П-15 | G16: 3.1526933 | I16: Итог (Пол): | K16: =SUM(K6:K15) -> 26.858522
A17: 1.66 | B17: П-11 | C17: 4.298576 | E17: 2.25 | F17: П-15 | G17: 3.1324837
A18: 1.70 | B18: П-7 | C18: 0.97005947 | E18: 2.26 | F18: П-15 | G18: 1.0913169
A19: 1.71 | B19: П-11 | C19: 1.3540413 | E19: 2.38 | F19: П-15 | G19: 1.3540413
A20: 1.72 | B20: П-11 | C20: 6.0628717 | E20: 2.39 | F20: П-15 | G20: 6.002243
A21: 1.75 | B21: П-11 | C21: 1.2934126 | E21: 2.43 | F21: П-15 | G21: 1.3540413
A22: 1.76 | B22: П-11 | C22: 2.1624242 | E22: 2.46 | F22: П-15 | G22: 6.002243
A23: Итог (Пол): | C23: =SUM(C6:C22) -> 32.91533 | E23: 2.52 | F23: П-15 | G23: 1.1721552 | I23: Пом. | J23: Тип | K23: Площадь
E24: Итог (Пол): | G24: =SUM(G6:G23) -> 45.916148 | I24: 1.01 | J24: П-7 | K24: 12

Sheet 196
A1: Ведомость работ
A2: № п.п. | B2: Наименование затрат | F2: Описание | J2: Ед. изм. | K2: Объем
A3: 1 | B3: Устройство обмазочной гидроизоляции с проклеиванием швов армированной лентой из стекловолокна / в 2 слоя | F3: Пол. Тип П-7, П-11, П-15 | J3: м2 | K3: =K16+G24+C24 -> 536.17
A4: 2 | B4: Устройство обмазочной гидроизоляции с проклеиванием швов армированной лентой из стекловолокна / в 2 слоя | F4: Тип П-7, П-11, П-15 Грунтование мастикой (536,170+105,690+12,000)*0,35=228,85 м2 | J4: м2 | K4: 163.47
A5: Пом. | B5: Тип | C5: Площадь | E5: Пом. | F5: Тип | G5: Площадь | I5: Пом. | J5: Тип | K5: Площадь
A6: 1.01 | B6: П-7 | C6: 13.2 | E6: 2.09 | F6: П-15 | G6: 5.4 | I6: 3.09 | J6: П-15 | K6: 5.4
A7: 1.03 | B7: П-11 | C7: 5.3 | E7: 2.10 | F7: П-15 | G7: 11.5 | I7: 3.10 | J7: П-15 | K7: 15.6
A8: 1.06 | B8: П-11 | C8: 6.1 | E8: 2.11 | F8: П-15 | G8: 11.6 | I8: 3.11 | J8: П-15 | K8: 15.5
A9: 1.13 | B9: П-11 | C9: 15.6 | E9: 2.13 | F9: П-15 | G9: 13.6 | I9: 3.14 | J9: П-15 | K9: 5.4
A10: 1.14 | B10: П-11 | C10: 5.4 | E10: 2.14 | F10: П-15 | G10: 8.5 | I10: 3.15 | J10: П-15 | K10: 11.9
A11: 1.15 | B11: П-11 | C11: 15.5 | E11: 2.16 | F11: П-15 | G11: 10.7 | I11: 3.24 | J11: П-15 | K11: 6.7
A12: 1.16 | B12: П-11 | C12: 2.4 | E12: 2.17 | F12: П-15 | G12: 12.2 | I12: 3.27 | J12: П-15 | K12: 29.7
A13: 1.21 | B13: П-11 | C13: 6 | E13: 2.20 | F13: П-15 | G13: 23.4 | I13: 3.31 | J13: П-15 | K13: 6.7
A14: 1.22 | B14: П-11 | C14: 4 | E14: 2.22 | F14: П-15 | G14: 5.4 | I14: 3.32 | J14: П-15 | K14: 29.7
A15: 1.23 | B15: П-11 | C15: 5 | E15: 2.23 | F15: П-15 | G15: 9.8 | I15: 3.40 | J15: П-15 | K15: 6.3
A16: 1.37 | B16: П-11 | C16: 11 | E16: 2.24 | F16: П-15 | G16: 15.6 | I16: Итог (Пол): | K16: =SUM(K6:K15) -> 132.9
A17: 1.65 | B17: П-11 | C17: 6.7 | E17: 2.25 | F17: П-15 | G17: 15.5
A18: 1.66 | B18: П-11 | C18: 21.27 | E18: 2.26 | F18: П-15 | G18: 5.4
A19: 1.70 | B19: П-7 | C19: 4.8 | E19: 2.38 | F19: П-15 | G19: 6.7
A20: 1.71 | B20: П-11 | C20: 6.7 | E20: 2.39 | F20: П-15 | G20: 29.7
A21: 1.72 | B21: П-11 | C21: 30 | E21: 2.43 | F21: П-15 | G21: 6.7
A22: 1.75 | B22: П-11 | C22: 6.4 | E22: 2.46 | F22: П-15 | G22: 29.7
A23: 1.76 | B23: П-11 | C23: 10.7 | E23: 2.52 | F23: П-15 | G23: 5.8
A24: Итог (Пол): | C24: =SUM(C6:C23) -> 176.07 | E24: Итог (Пол): | G24: =SUM(G6:G23) -> 227.2

Sheet 192
A1: Ведомость работ
A2: № п.п. | B2: Наименование затрат | C2: Описание | D2: Ед. изм. | E2: Объем
A3: 1 | B3: Устройство обмазочной гидроизоляции с проклеиванием швов армированной лентой из стекловолокна / в 2 слоя | C3: Тип П-5. Обмазочная гидроизоляция пола в 2 слоя, площадь заведения стены (пилоны) на h=200 мм. | D3: м2 | E3: 62.228

Sheet 188
A1: Ведомость работ
A2: № п.п. | B2: Наименование затрат | C2: Описание | D2: Ед. изм. | E2: Объем
A3: 1 | B3: Устройство обмазочной гидроизоляции с проклеиванием швов армированной лентой из стекловолокна / в 2 слоя | C3: Тип П-5. Подвал. Обмазочная гидроизоляция пола в 2 слоя. Мастика | D3: м2 | E3: 8.13

Sheet 183
A1: Ведомость работ
A2: № п.п. | B2: Наименование затрат | C2: Описание | D2: Ед. изм. | E2: Объем
A3: 1 | B3: Устройство стяжки СКБ / неармированная с приготовлением раствора от 21 мм до 40 мм | C3: Тип П-3, П-3.1 - межэтажные площадки. Цементно−песчаная стяжка M150 выравнивающая − 25мм. | D3: м2 | E3: 200.6

Sheet 179
A1: Ведомость работ
A2: № п.п. | B2: Наименование затрат | C2: Описание | D2: Ед. изм. | E2: Объем
A3: 1 | B3: Устройство стяжки СКБ / неармированная с приготовлением раствора свыше 61 мм | C3: Наращивание подоконников ЦПС М200 толщиной 100 мм, шириной 200 мм | D3: м2 | E3: 6.22

Sheet 175
A1: Ведомость работ
A2: № п.п. | B2: Наименование затрат | C2: Описание | D2: Ед. изм. | E2: Объем
A3: 1 | B3: Устройство стяжки СКБ / армированная сеткой от 61мм до 80 мм | C3: АРОР № СТ-МФ-1 от 08.05.2026, п.52. Тип П-8, П-9, П-9.1, П-10, П-11. Цементно−песчаная стяжка M200 армированная сеткой 5Bр1 с ячейкой 100x100 − 65мм. Пом. 1.27 | D3: м2 | E3: 25.47

Sheet 170
A1: Ведомость работ
A2: № п.п. | B2: Наименование затрат | C2: Описание | D2: Ед. изм. | E2: Объем
A3: 1 | B3: Устройство стяжки СКБ / армированная сеткой от 41 мм до 60 мм | C3: Тип П-8.2 Цементно−песчаная стяжка M200 армированная сеткой 5Bр1 с ячейкой 100x100 − 50мм. Пом. 1.17 | D3: м2 | E3: 13.8

Sheet 168пдвл
A1: Ведомость работ
A2: № п.п. | B2: Наименование затрат | F2: Описание | H2: Ед. изм. | I2: Объем
A3: 1 | B3: Затирка, уход, полировка полов мех.способом | F3: Тип П-2. Железнение стяжки. | H3: м2 | I3: 3.2

Sheet ВОР
B4: п1 | C4: 1827.2
B5: п9 | C5: 118.8
B6: п9.1 | C6: 395.7
B7: п10 | C7: 259.5
B8: п10.1 | C8: 20.7
B9: п13 | C9: 382.5
B10: п13.1 | C10: 583.2
B11: п13.2 | C11: 1141.4
B12: п13.3 | C12: 954.9
B13: п14 | C13: 434.8

Sheet Общи
I1: АР1.2 | O1: мусор
A2: № п. п. | B2: № пом. | C2: Тип пола | D2: Площадь, м2. | I2: по потолку | J2: ТЕКСТ | K2: ТАБЛИЦА АР1.2
A3: 15 | B3: 0.01 | C3: П-3 | D3: 24.7 | I3: =VALUE(J3) -> 24.7 | J3: =TRIM(RIGHTB(SUBSTITUTE(K3," ",REPT(" ",99)),99)) -> 24,7 | K3: 0.01 337 Лестничная клетка №1 24,7
A4: 18 | B4: 0.02 | C4: П-5 | D4: 57.9 | I4: =VALUE(J4) -> 57.9 | J4: =TRIM(RIGHTB(SUBSTITUTE(K4," ",REPT(" ",99)),99)) -> 57,9 | K4: 0.02 82 Венткамера 57,9
A5: 12 | B5: 0.03 | C5: П-2 | D5: 165.6 | I5: =VALUE(J5) -> 165.6 | J5: =TRIM(RIGHTB(SUBSTITUTE(K5," ",REPT(" ",99)),99)) -> 165,6 | K5: 0.03 339 Коридор 165,6
A6: 19 | B6: 0.04 | C6: П-5 | D6: 58.8 | I6: =VALUE(J6) -> 58.8 | J6: =TRIM(RIGHTB(SUBSTITUTE(K6," ",REPT(" ",99)),99)) -> 58,8 | K6: 0.04 340 Насосная 58,8
A7: 20 | B7: 0.05 | C7: П-5 | D7: 54.4 | I7: =VALUE(J7) -> 54.4 | J7: =TRIM(RIGHTB(SUBSTITUTE(K7," ",REPT(" ",99)),99)) -> 54,4 | K7: 0.05 0.105 Венткамера 54,4
A8: 21 | B8: 0.06 | C8: П-5 | D8: 99.5 | I8: =VALUE(J8) -> 99.5 | J8: =TRIM(RIGHTB(SUBSTITUTE(K8," ",REPT(" ",99)),99)) -> 99,5 | K8: 0.06 342 ИТП 99,5
A9: 22 | B9: 0.07 | C9: П-5 | D9: 40.7 | I9: =VALUE(J9) -> 40.7 | J9: =TRIM(RIGHTB(SUBSTITUTE(K9," ",REPT(" ",99)),99)) -> 40,7 | K9: 0.07 0.113 Венткамера 40,7
A10: 25 | B10: 0.08 | C10: П-6 | D10: 24.2 | I10: =VALUE(J10) -> 24.2 | J10: =TRIM(RIGHTB(SUBSTITUTE(K10," ",REPT(" ",99)),99)) -> 24,2 | K10: 0.08 0.08 Помещение CC1 24,2
A11: 1 | B11: 0.09 | C11: П-1 | D11: 158.3 | I11: =VALUE(J11) -> 158.3 | J11: =TRIM(RIGHTB(SUBSTITUTE(K11," ",REPT(" ",99)),99)) -> 158,3 | K11: 158,3
A12: 2 | B12: 0.1 | C12: П-1 | D12: 272.4 | I12: =VALUE(J12) -> 272.4 | J12: =TRIM(RIGHTB(SUBSTITUTE(K12," ",REPT(" ",99)),99)) -> 272,4 | K12: 272,4
A13: 3 | B13: 0.11 | C13: П-1 | D13: 64.6 | I13: =VALUE(J13) -> 64.6 | J13: =TRIM(RIGHTB(SUBSTITUTE(K13," ",REPT(" ",99)),99)) -> 64,6 | K13: 64,6
A14: 16 | B14: 0.12 | C14: П-3 | D14: 31.1 | I14: =VALUE(J14) -> 31.1 | J14: =TRIM(RIGHTB(SUBSTITUTE(K14," ",REPT(" ",99)),99)) -> 31,1 | K14: 0.12 0.52 Лестничная клетка №5 31,1
B15: 0.13 | C15: П-1 | D15: 17.2 | I15: =VALUE(J15) -> 17.2 | J15: =TRIM(RIGHTB(SUBSTITUTE(K15," ",REPT(" ",99)),99)) -> 17,2 | K15: 17,2
A16: 4 | B16: 0.14 | C16: П-1 | D16: 177.7 | I16: =VALUE(J16) -> 177.7 | J16: =TRIM(RIGHTB(SUBSTITUTE(K16," ",REPT(" ",99)),99)) -> 177,7 | K16: 177,7
A17: 26 | B17: 0.15 | C17: П-6 | D17: 11.8 | I17: =VALUE(J17) -> 11.8 | J17: =TRIM(RIGHTB(SUBSTITUTE(K17," ",REPT(" ",99)),99)) -> 11,8 | K17: 0.15 191 Помещение CC2 11,8
A18: 27 | B18: 0.16 | C18: П-6 | D18: 12.8 | I18: =VALUE(J18) -> 12.8 | J18: =TRIM(RIGHTB(SUBSTITUTE(K18," ",REPT(" ",99)),99)) -> 12,8 | K18: 12,8
A19: 13 | B19: 0.17 | C19: П-2 | D19: 31.1 | I19: =VALUE(J19) -> 31.1 | J19: =TRIM(RIGHTB(SUBSTITUTE(K19," ",REPT(" ",99)),99)) -> 31,1 | K19: 0.17 0.54 Коридор 31,1
A20: 17 | B20: 0.18 | C20: П-3 | D20: 27.1 | I20: =VALUE(J20) -> 27.1 | J20: =TRIM(RIGHTB(SUBSTITUTE(K20," ",REPT(" ",99)),99)) -> 27,1 | K20: 0.18 0.55 Лестничная клетка №6 27,1
A21: 5 | B21: 0.19 | C21: П-1 | D21: 31.4 | I21: =VALUE(J21) -> 31.4 | J21: =TRIM(RIGHTB(SUBSTITUTE(K21," ",REPT(" ",99)),99)) -> 31,4 | K21: 31,4
A22: 6 | B22: 0.2 | C22: П-1 | D22: 289.1 | I22: =VALUE(J22) -> 289.1 | J22: =TRIM(RIGHTB(SUBSTITUTE(K22," ",REPT(" ",99)),99)) -> 289,1 | K22: 289,1
A23: 7 | B23: 0.21 | C23: П-1 | D23: 257.5 | I23: =VALUE(J23) -> 257.5 | J23: =TRIM(RIGHTB(SUBSTITUTE(K23," ",REPT(" ",99)),99)) -> 257,5 | K23: 257,5
A24: 8 | B24: 0.22 | C24: П-1 | D24: 27.1 | I24: =VALUE(J24) -> 27.1 | J24: =TRIM(RIGHTB(SUBSTITUTE(K24," ",REPT(" ",99)),99)) -> 27,1 | K24: 27,1
A25: 23 | B25: 0.23 | C25: П-5 | D25: 126 | I25: =VALUE(J25) -> 126 | J25: =TRIM(RIGHTB(SUBSTITUTE(K25," ",REPT(" ",99)),99)) -> 126,0 | K25: 0.23 0.110 Венткамера 126,0
A26: 24 | B26: 0.24 | C26: П-5 | D26: 71.2 | I26: =VALUE(J26) -> 71.2 | J26: =TRIM(RIGHTB(SUBSTITUTE(K26," ",REPT(" ",99)),99)) -> 71,2 | K26: 0.24 0.111 Венткамера 71,2
A27: 9 | B27: 0.25 | C27: П-1 | D27: 243.9 | I27: =VALUE(J27) -> 243.9 | J27: =TRIM(RIGHTB(SUBSTITUTE(K27," ",REPT(" ",99)),99)) -> 243,9 | K27: 243,9
... A31: 28 | B31: 1.01 | C31: П-7 | D31: 13.2 | I31: =VALUE(J31) -> 13.4 | J31: =TRIM(RIGHTB(SUBSTITUTE(K31," ",REPT(" ",99)),99)) -> 13,4 | K31: 1.01 Тамбур 13,4
A32: 33 | B32: 1.02 | C32: П-8 | D32: 16.4 | E32: =Таблица1[[#This Row],[Площадь, м2.]]-I32 -> 1.5 | F32: 17.6 | G32: =F32-Таблица1[[#This Row],[Площадь, м2.]] -> 1.2 | I32: =VALUE(J32) -> 14.9 | J32: =TRIM(RIGHTB(SUBSTITUTE(K32," ",REPT(" ",99)),99)) -> 14,9 | K32: 14,9
A33: 94 | B33: 1.03 | C33: П-11 | D33: 5.8 | E33: =Таблица1[[#This Row],[Площадь, м2.]]-I33 -> 0 | G33: =F33-Таблица1[[#This Row],[Площадь, м2.]] -> -5.8 | I33: =VALUE(J33) -> 5.8 | J33: =TRIM(RIGHTB(SUBSTITUTE(K33," ",REPT(" ",99)),99)) -> 5,8 | K33: 1.03 Санузел для посетителей 5,8
A34: 34 | B34: 1.04 | C34: П-8 | D34: 43.1 | E34: =Таблица1[[#This Row],[Площадь, м2.]]-I34 -> 0 | F34: 357.2 | G34: =F34-Таблица1[[#This Row],[Площадь, м2.]] -> 314.1 | I34: 43.1 | J34: 0
A35: 55 | B35: 1.05 | C35: П-9 | D35: 22.1 | E35: =Таблица1[[#This Row],[Площадь, м2.]]-I35 -> 0 | G35: =F35-Таблица1[[#This Row],[Площадь, м2.]] -> -22.1 | I35: =VALUE(J35) -> 22.1 | J35: =TRIM(RIGHTB(SUBSTITUTE(K35," ",REPT(" ",99)),99)) -> 22,1 | K35: 22,1
A36: 95 | B36: 1.06 | C36: П-11 | D36: 5.9 | E36: =Таблица1[[#This Row],[Площадь, м2.]]-I36 -> 0 | G36: =F36-Таблица1[[#This Row],[Площадь, м2.]] -> -5.9 | I36: =VALUE(J36) -> 5.9 | J36: =TRIM(RIGHTB(SUBSTITUTE(K36," ",REPT(" ",99)),99)) -> 5,9 | K36: 1.06 Санузел для МГН 5,9
A37: 35 | B37: 1.07 | C37: П-8 | D37: 10 | E37: =Таблица1[[#This Row],[Площадь, м2.]]-I37 -> 0 | F37: 10 | G37: =F37-Таблица1[[#This Row],[Площадь, м2.]] -> 0 | I37: =VALUE(J37) -> 10 | J37: =TRIM(RIGHTB(SUBSTITUTE(K37," ",REPT(" ",99)),99)) -> 10,0 | K37: 1.07 Гардероб для учителей 10,0
A38: 36 | B38: 1.08 | C38: П-8 | D38: 105.4 | E38: =Таблица1[[#This Row],[Площадь, м2.]]-I38 -> 0 | F38: 22.1 | G38: =F38-Таблица1[[#This Row],[Площадь, м2.]] -> -83.3 | I38: =VALUE(J38) -> 105.4 | J38: =TRIM(RIGHTB(SUBSTITUTE(K38," ",REPT(" ",99)),99)) -> 105,4 | K38: 105,4
A39: 56 | B39: 1.09 | C39: П-9 | D39: 62.9 | E39: =Таблица1[[#This Row],[Площадь, м2.]]-I39 -> 0 | G39: =F39-Таблица1[[#This Row],[Площадь, м2.]] -> -62.9 | I39: =VALUE(J39) -> 62.9 | J39: =TRIM(RIGHTB(SUBSTITUTE(K39," ",REPT(" ",99)),99)) -> 62,9 | K39: 1.09 Учебный кабинет 1 класс 62,9
A40: 57 | B40: 1.1 | C40: П-9 | D40: 64.3 | E40: =Таблица1[[#This Row],[Площадь, м2.]]-I40 -> 0 | G40: =F40-Таблица1[[#This Row],[Площадь, м2.]] -> -64.3 | I40: =VALUE(J40) -> 64.3 | J40: =TRIM(RIGHTB(SUBSTITUTE(K40," ",REPT(" ",99)),99)) -> 64,3 | K40: 1.10 Учебный кабинет 1 класс 64,3
A41: 58 | B41: 1.11 | C41: П-9 | D41: 64.4 | E41: =Таблица1[[#This Row],[Площадь, м2.]]-I41 -> 0 | G41: =F41-Таблица1[[#This Row],[Площадь, м2.]] -> -64.4 | I41: =VALUE(J41) -> 64.4 | J41: =TRIM(RIGHTB(SUBSTITUTE(K41," ",REPT(" ",99)),99)) -> 64,4 | K41: 1.11 Учебный кабинет 1 класс 64,4
A42: 59 | B42: 1.12 | C42: П-9 | D42: 131.2 | E42: =Таблица1[[#This Row],[Площадь, м2.]]-I42 -> 0 | G42: =F42-Таблица1[[#This Row],[Площадь, м2.]] -> -131.2 | I42: =VALUE(J42) -> 131.2 | J42: =TRIM(RIGHTB(SUBSTITUTE(K42," ",REPT(" ",99)),99)) -> 131,2 | K42: 131,2
A43: 96 | B43: 1.13 | C43: П-11 | D43: 15.8 | E43: =Таблица1[[#This Row],[Площадь, м2.]]-I43 -> 0 | G43: =F43-Таблица1[[#This Row],[Площадь, м2.]] -> -15.8 | I43: =VALUE(J43) -> 15.8 | J43: =TRIM(RIGHTB(SUBSTITUTE(K43," ",REPT(" ",99)),99)) -> 15,8 | K43: 1.13 Санузел для девочек 15,8
A44: 97 | B44: 1.14 | C44: П-11 | D44: 5.4 | E44: =Таблица1[[#This Row],[Площадь, м2.]]-I44 -> 0 | G44: =F44-Таблица1[[#This Row],[Площадь, м2.]] -> -5.4 | I44: =VALUE(J44) -> 5.4 | J44: =TRIM(RIGHTB(SUBSTITUTE(K44," ",REPT(" ",99)),99)) -> 5,4 | K44: 1.14 Санузел для МГН 5,4
A45: 98 | B45: 1.15 | C45: П-11 | D45: 15.8 | E45: =Таблица1[[#This Row],[Площадь, м2.]]-I45 -> 0 | G45: =F45-Таблица1[[#This Row],[Площадь, м2.]] -> -15.8 | I45: =VALUE(J45) -> 15.8 | J45: =TRIM(RIGHTB(SUBSTITUTE(K45," ",REPT(" ",99)),99)) -> 15,8 | K45: 1.15 Санузел для мальчиков 15,8
A46: 99 | B46: 1.16 | C46: П-11 | D46: 2.4 | E46: =Таблица1[[#This Row],[Площадь, м2.]]-I46 -> 0 | G46: =F46-Таблица1[[#This Row],[Площадь, м2.]] -> -2.4 | I46: =VALUE(J46) -> 2.4 | J46: =TRIM(RIGHTB(SUBSTITUTE(K46," ",REPT(" ",99)),99)) -> 2,4 | K46: 1.16 С/у (медблок) 2,4
A47: 37 | B47: 1.17 | C47: П-8 | D47: 13.9 | E47: =Таблица1[[#This Row],[Площадь, м2.]]-I47 -> 0 | F47: 13.9 | G47: =F47-Таблица1[[#This Row],[Площадь, м2.]] -> 0 | I47: =VALUE(J47) -> 13.9 | J47: =TRIM(RIGHTB(SUBSTITUTE(K47," ",REPT(" ",99)),99)) -> 13,9 | K47: 1.17 Процедурный кабинет 13,9
A48: 38 | B48: 1.18 | C48: П-8 | D48: 13.9 | E48: =Таблица1[[#This Row],[Площадь, м2.]]-I48 -> 0 | F48: 13.9 | G48: =F48-Таблица1[[#This Row],[Площадь, м2.]] -> 0 | I48: =VALUE(J48) -> 13.9 | J48: =TRIM(RIGHTB(SUBSTITUTE(K48," ",REPT(" ",99)),99)) -> 13,9 | K48: 1.18 Прививочный кабинет 13,9
A49: 60 | B49: 1.19 | C49: П-9 | D49: 20.7 | E49: =Таблица1[[#This Row],[Площадь, м2.]]-I49 -> 0 | G49: =F49-Таблица1[[#This Row],[Площадь, м2.]] -> -20.7 | I49: =VALUE(J49) -> 20.7 | J49: =TRIM(RIGHTB(SUBSTITUTE(K49," ",REPT(" ",99)),99)) -> 20,7 | K49: 1.19 Кабинет врача 20,7
A50: 61 | B50: 1.2 | C50: П-9 | D50: 20.4 | E50: =Таблица1[[#This Row],[Площадь, м2.]]-I50 -> 0 | G50: =F50-Таблица1[[#This Row],[Площадь, м2.]] -> -20.4 | I50: =VALUE(J50) -> 20.4 | J50: =TRIM(RIGHTB(SUBSTITUTE(K50," ",REPT(" ",99)),99)) -> 20,4 | K50: 1.20 Холл 20,4
A51: 100 | B51: 1.21 | C51: П-11 | D51: 6 | E51: =Таблица1[[#This Row],[Площадь, м2.]]-I51 -> 0 | G51: =F51-Таблица1[[#This Row],[Площадь, м2.]] -> -6 | I51: =VALUE(J51) -> 6 | J51: =TRIM(RIGHTB(SUBSTITUTE(K51," ",REPT(" ",99)),99)) -> 6,0 | K51: 6,0
A52: 101 | B52: 1.22 | C52: П-11 | D52: 4.7 | E52: =Таблица1[[#This Row],[Площадь, м2.]]-I52 -> 0 | G52: =F52-Таблица1[[#This Row],[Площадь, м2.]] -> -4.7 | I52: =VALUE(J52) -> 4.7 | J52: =TRIM(RIGHTB(SUBSTITUTE(K52," ",REPT(" ",99)),99)) -> 4,7 | K52: 1.22 Санузел персонала 4,7
A53: 102 | B53: 1.23 | C53: П-11 | D53: 4.7 | E53: =Таблица1[[#This Row],[Площадь, м2.]]-I53 -> 0 | G53: =F53-Таблица1[[#This Row],[Площадь, м2.]] -> -4.7 | I53: =VALUE(J53) -> 4.7 | J53: =TRIM(RIGHTB(SUBSTITUTE(K53," ",REPT(" ",99)),99)) -> 4,7 | K53: 4,7
A54: 62 | B54: 1.24 | C54: П-9 | D54: 10.1 | E54: =Таблица1[[#This Row],[Площадь, м2.]]-I54 -> 0 | G54: =F54-Таблица1[[#This Row],[Площадь, м2.]] -> -10.1 | I54: =VALUE(J54) -> 10.1 | J54: =TRIM(RIGHTB(SUBSTITUTE(K54," ",REPT(" ",99)),99)) -> 10,1 | K54: 1.24 Кладовая инвентаря 10,1
A55: 63 | B55: 1.25 | C55: П-9 | D55: 10.3 | E55: =Таблица1[[#This Row],[Площадь, м2.]]-I55 -> 0 | G55: =F55-Таблица1[[#This Row],[Площадь, м2.]] -> -10.3 | I55: =VALUE(J55) -> 10.3 | J55: =TRIM(RIGHTB(SUBSTITUTE(K55," ",REPT(" ",99)),99)) -> 10,3 | K55: 1.25 Артистическая 10,3
A56: 64 | B56: 1.26 | C56: П-9 | D56: 10.7 | E56: =Таблица1[[#This Row],[Площадь, м2.]]-I56 -> 0 | G56: =F56-Таблица1[[#This Row],[Площадь, м2.]] -> -10.7 | I56: =VALUE(J56) -> 10.7 | J56: =TRIM(RIGHTB(SUBSTITUTE(K56," ",REPT(" ",99)),99)) -> 10,7 | K56: 1.26 Артистическая 10,7
A57: 65 | B57: 1.27 | C57: П-9 | D57: 25.9 | E57: =Таблица1[[#This Row],[Площадь, м2.]]-I57 -> 0 | G57: =F57-Таблица1[[#This Row],[Площадь, м2.]] -> -25.9 | I57: =VALUE(J57) -> 25.9 | J57: =TRIM(RIGHTB(SUBSTITUTE(K57," ",REPT(" ",99)),99)) -> 25,9 | K57: 1.27 Коридор 25,9
A58: 66 | B58: 1.28 | C58: П-9 | D58: 22.1 | E58: =Таблица1[[#This Row],[Площадь, м2.]]-I58 -> 0 | G58: =F58-Таблица1[[#This Row],[Площадь, м2.]] -> -22.1 | I58: =VALUE(J58) -> 22.1 | J58: =TRIM(RIGHTB(SUBSTITUTE(K58," ",REPT(" ",99)),99)) -> 22,1 | K58: 1.28 Серверная 22,1
A59: 39 | B59: 1.29 | C59: П-8 | D59: 28.7 | E59: =Таблица1[[#This Row],[Площадь, м2.]]-I59 -> 0 | F59: 45.9 | G59: =F59-Таблица1[[#This Row],[Площадь, м2.]] -> 17.2 | I59: =VALUE(J59) -> 28.7 | J59: =TRIM(RIGHTB(SUBSTITUTE(K59," ",REPT(" ",99)),99)) -> 28,7 | K59: 1.29 Электрощитовая 28,7
A60: 67 | B60: 1.3 | C60: П-9 | D60: 92.2 | E60: =Таблица1[[#This Row],[Площадь, м2.]]-I60 -> 0 | G60: =F60-Таблица1[[#This Row],[Площадь, м2.]] -> -92.2 | I60: =VALUE(J60) -> 92.2 | J60: =TRIM(RIGHTB(SUBSTITUTE(K60," ",REPT(" ",99)),99)) -> 92,2 | K60: 1.30 Рекреация коридорного типа 92,2
A61: 68 | B61: 1.31 | C61: П-9 | D61: 113 | E61: =Таблица1[[#This Row],[Площадь, м2.]]-I61 -> 0 | G61: =F61-Таблица1[[#This Row],[Площадь, м2.]] -> -113 | I61: =VALUE(J61) -> 113 | J61: =TRIM(RIGHTB(SUBSTITUTE(K61," ",REPT(" ",99)),99)) -> 113,0 | K61: 1.31 Коридор 113,0
A62: 40 | B62: 1.32 | C62: П-8 | D62: 24.5 | E62: =Таблица1[[#This Row],[Площадь, м2.]]-I62 -> 0 | F62: 14.4 | G62: =F62-Таблица1[[#This Row],[Площадь, м2.]] -> -10.1 | I62: =VALUE(J62) -> 24.5 | J62: =TRIM(RIGHTB(SUBSTITUTE(K62," ",REPT(" ",99)),99)) -> 24,5 | K62: 24,5
A63: 41 | B63: 1.33 | C63: П-8 | D63: 27.9 | E63: =Таблица1[[#This Row],[Площадь, м2.]]-I63 -> 0 | F63: 17.9 | G63: =F63-Таблица1[[#This Row],[Площадь, м2.]] -> -10 | I63: =VALUE(J63) -> 27.9 | J63: =TRIM(RIGHTB(SUBSTITUTE(K63," ",REPT(" ",99)),99)) -> 27,9 | K63: 27,9
A64: 42 | B64: 1.34 | C64: П-8 | D64: 25.7 | E64: =Таблица1[[#This Row],[Площадь, м2.]]-I64 -> 0 | F64: 15.5 | G64: =F64-Таблица1[[#This Row],[Площадь, м2.]] -> -10.2 | I64: =VALUE(J64) -> 25.7 | J64: =TRIM(RIGHTB(SUBSTITUTE(K64," ",REPT(" ",99)),99)) -> 25,7 | K64: 25,7
A65: 43 | B65: 1.35 | C65: П-8 | D65: 30.6 | E65: =Таблица1[[#This Row],[Площадь, м2.]]-I65 -> 0 | F65: 23.4 | G65: =F65-Таблица1[[#This Row],[Площадь, м2.]] -> -7.2 | I65: =VALUE(J65) -> 30.6 | J65: =TRIM(RIGHTB(SUBSTITUTE(K65," ",REPT(" ",99)),99)) -> 30,6 | K65: 30,6
A66: 44 | B66: 1.36 | C66: П-8 | D66: 13 | E66: =Таблица1[[#This Row],[Площадь, м2.]]-I66 -> 0 | F66: 25.9 | G66: =F66-Таблица1[[#This Row],[Площадь, м2.]] -> 12.9 | I66: =VALUE(J66) -> 13 | J66: =TRIM(RIGHTB(SUBSTITUTE(K66," ",REPT(" ",99)),99)) -> 13,0 | K66: 1.36 Лифтовой холл 13,0
A67: 45 | B67: 1.37 | C67: П-8 | D67: 11.8 | E67: =Таблица1[[#This Row],[Площадь, м2.]]-I67 -> 0 | F67: 11.8 | G67: =F67-Таблица1[[#This Row],[Площадь, м2.]] -> 0 | I67: =VALUE(J67) -> 11.8 | J67: =TRIM(RIGHTB(SUBSTITUTE(K67," ",REPT(" ",99)),99)) -> 11,8 | K67: 1.37 Умывальная 11,8
A68: 46 | B68: 1.38 | C68: П-8 | D68: 170.5 | E68: =Таблица1[[#This Row],[Площадь, м2.]]-I68 -> 0 | F68: 170.5 | G68: =F68-Таблица1[[#This Row],[Площадь, м2.]] -> 0 | I68: =VALUE(J68) -> 170.5 | J68: =TRIM(RIGHTB(SUBSTITUTE(K68," ",REPT(" ",99)),99)) -> 170,5 | K68: 1.38 Обеденный зал на 150 мест 170,5
A69: 103 | B69: 1.39 | C69: П-11 | D69: 36.4 | E69: =Таблица1[[#This Row],[Площадь, м2.]]-I69 -> 0 | G69: =F69-Таблица1[[#This Row],[Площадь, м2.]] -> -36.4 | I69: =VALUE(J69) -> 36.4 | J69: =TRIM(RIGHTB(SUBSTITUTE(K69," ",REPT(" ",99)),99)) -> 36,4 | K69: 1.39 Моечная столовой посуды 36,4
A70: 104 | B70: 1.4 | C70: П-11 | D70: 15 | E70: =Таблица1[[#This Row],[Площадь, м2.]]-I70 -> 0 | G70: =F70-Таблица1[[#This Row],[Площадь, м2.]] -> -15 | I70: =VALUE(J70) -> 15 | J70: =TRIM(RIGHTB(SUBSTITUTE(K70," ",REPT(" ",99)),99)) -> 15,0 | K70: 1.40 Холодный цех 15,0
A71: 105 | B71: 1.41 | C71: П-11 | D71: 89.2 | E71: =Таблица1[[#This Row],[Площадь, м2.]]-I71 -> 0 | G71: =F71-Таблица1[[#This Row],[Площадь, м2.]] -> -89.2 | I71: =VALUE(J71) -> 89.2 | J71: =TRIM(RIGHTB(SUBSTITUTE(K71," ",REPT(" ",99)),99)) -> 89,2 | K71: 1.41 Горячий цех 89,2
A72: 106 | B72: 1.42 | C72: П-11 | D72: 13.6 | E72: =Таблица1[[#This Row],[Площадь, м2.]]-I72 -> 0 | G72: =F72-Таблица1[[#This Row],[Площадь, м2.]] -> -13.6 | I72: =VALUE(J72) -> 13.6 | J72: =TRIM(RIGHTB(SUBSTITUTE(K72," ",REPT(" ",99)),99)) -> 13,6 | K72: 1.42 Моечная кухонной посуды 13,6 | O72: =VALUE(SUBSTITUTE(TRIM(RIGHTB(SUBSTITUTE(P72," ",REPT(" ",99)),99)),",",".")) -> 46035 | P72: =TRIM(RIGHTB(SUBSTITUTE(Q72," ",REPT(" ",99)),99)) -> 13,1 | Q72: 1.42 Моечная кухонной посуды 13,1
A73: 47 | B73: 1.43 | C73: П-8 | D73: 12.1 | E73: =Таблица1[[#This Row],[Площадь, м2.]]-I73 -> 0 | F73: 12.1 | G73: =F73-Таблица1[[#This Row],[Площадь, м2.]] -> 0 | I73: =VALUE(J73) -> 12.1 | J73: =TRIM(RIGHTB(SUBSTITUTE(K73," ",REPT(" ",99)),99)) -> 12,1 | K73: 1.43 Кладовая сухих продуктов 12,1 | O73: =VALUE(SUBSTITUTE(TRIM(RIGHTB(SUBSTITUTE(P73," ",REPT(" ",99)),99)),",",".")) -> 46214 | P73: =TRIM(RIGHTB(SUBSTITUTE(Q73," ",REPT(" ",99)),99)) -> 11,7 | Q73: 1.43 Кладовая сухих продуктов 11,7
A74: 107 | B74: 1.44 | C74: П-11 | D74: 29.7 | E74: =Таблица1[[#This Row],[Площадь, м2.]]-I74 -> 0 | G74: =F74-Таблица1[[#This Row],[Площадь, м2.]] -> -29.7 | I74: =VALUE(J74) -> 29.7 | J74: =TRIM(RIGHTB(SUBSTITUTE(K74," ",REPT(" ",99)),99)) -> 29,7 | K74: 29,7 | O74: =VALUE(SUBSTITUTE(TRIM(RIGHTB(SUBSTITUTE(P74," ",REPT(" ",99)),99)),",",".")) -> #VALUE! | P74: =TRIM(RIGHTB(SUBSTITUTE(Q74," ",REPT(" ",99)),99)) -> 29,0 | Q74: 1.44 Помещение с холодильным оборудованием 29,0
A75: 48 | B75: 1.45 | C75: П-8 | D75: 10.8 | E75: =Таблица1[[#This Row],[Площадь, м2.]]-I75 -> 0 | F75: 10.8 | G75: =F75-Таблица1[[#This Row],[Площадь, м2.]] -> 0 | I75: =VALUE(J75) -> 10.8 | J75: =TRIM(RIGHTB(SUBSTITUTE(K75," ",REPT(" ",99)),99)) -> 10,8 | K75: 1.45 Кладовая овощей 10,8 | O75: =VALUE(SUBSTITUTE(TRIM(RIGHTB(SUBSTITUTE(P75," ",REPT(" ",99)),99)),",",".")) -> 46122 | P75: =TRIM(RIGHTB(SUBSTITUTE(Q75," ",REPT(" ",99)),99)) -> 10,4 | Q75: 1.45 Кладовая овощей 10,4
A76: 69 | B76: 1.46 | C76: П-9 | D76: 9.3 | E76: =Таблица1[[#This Row],[Площадь, м2.]]-I76 -> 0 | G76: =F76-Таблица1[[#This Row],[Площадь, м2.]] -> -9.3 | I76: =VALUE(J76) -> 9.3 | J76: =TRIM(RIGHTB(SUBSTITUTE(K76," ",REPT(" ",99)),99)) -> 9,3 | K76: 1.46 Помещение персонала 9,3 | O76: =VALUE(SUBSTITUTE(TRIM(RIGHTB(SUBSTITUTE(P76," ",REPT(" ",99)),99)),",",".")) -> 46211 | P76: =TRIM(RIGHTB(SUBSTITUTE(Q76," ",REPT(" ",99)),99)) -> 8,7 | Q76: 1.46 Помещение персонала 8,7
A77: 108 | B77: 1.47 | C77: П-11 | D77: 9.7 | E77: =Таблица1[[#This Row],[Площадь, м2.]]-I77 -> 0 | G77: =F77-Таблица1[[#This Row],[Площадь, м2.]] -> -9.7 | I77: =VALUE(J77) -> 9.7 | J77: =TRIM(RIGHTB(SUBSTITUTE(K77," ",REPT(" ",99)),99)) -> 9,7 | K77: 9,7 | O77: =VALUE(SUBSTITUTE(TRIM(RIGHTB(SUBSTITUTE(P77," ",REPT(" ",99)),99)),",",".")) -> #VALUE! | P77: =TRIM(RIGHTB(SUBSTITUTE(Q77," ",REPT(" ",99)),99)) -> 9,0 | Q77: 1.47 Помещение временного хранения отходов 9,0
A78: 49 | B78: 1.48 | C78: П-8 | D78: 7.7 | E78: =Таблица1[[#This Row],[Площадь, м2.]]-I78 -> 0 | F78: 7.7 | G78: =F78-Таблица1[[#This Row],[Площадь, м2.]] -> 0 | I78: =VALUE(J78) -> 7.7 | J78: =TRIM(RIGHTB(SUBSTITUTE(K78," ",REPT(" ",99)),99)) -> 7,7 | K78: 1.48 Раздаточная 7,7 | O78: =VALUE(SUBSTITUTE(TRIM(RIGHTB(SUBSTITUTE(P78," ",REPT(" ",99)),99)),",",".")) -> 46149 | P78: =TRIM(RIGHTB(SUBSTITUTE(Q78," ",REPT(" ",99)),99)) -> 7,5 | Q78: 1.48 Раздаточная 7,5
A79: 109 | B79: 1.49 | C79: П-11 | D79: 3.3 | E79: =Таблица1[[#This Row],[Площадь, м2.]]-I79 -> 0 | G79: =F79-Таблица1[[#This Row],[Площадь, м2.]] -> -3.3 | I79: =VALUE(J79) -> 3.3 | J79: =TRIM(RIGHTB(SUBSTITUTE(K79," ",REPT(" ",99)),99)) -> 3,3 | K79: 1.49 Санузел персонала 3,3 | O79: =VALUE(SUBSTITUTE(TRIM(RIGHTB(SUBSTITUTE(P79," ",REPT(" ",99)),99)),",",".")) -> 46236 | P79: =TRIM(RIGHTB(SUBSTITUTE(Q79," ",REPT(" ",99)),99)) -> 2,8 | Q79: 1.49 Санузел персонала 2,8
A80: 110 | B80: 1.5 | C80: П-11 | D80: 8.7 | E80: =Таблица1[[#This Row],[Площадь, м2.]]-I80 -> 0 | G80: =F80-Таблица1[[#This Row],[Площадь, м2.]] -> -8.7 | I80: =VALUE(J80) -> 8.7 | J80: =TRIM(RIGHTB(SUBSTITUTE(K80," ",REPT(" ",99)),99)) -> 8,7 | K80: 1.50 Моечная оборотной тары 8,7 | O80: =VALUE(SUBSTITUTE(TRIM(RIGHTB(SUBSTITUTE(P80," ",REPT(" ",99)),99)),",",".")) -> 46061 | P80: =TRIM(RIGHTB(SUBSTITUTE(Q80," ",REPT(" ",99)),99)) -> 8,2 | Q80: 1.50 Моечная оборотной тары 8,2
A81: 111 | B81: 1.51 | C81: П-11 | D81: 8.3 | E81: =Таблица1[[#This Row],[Площадь, м2.]]-I81 -> 0 | G81: =F81-Таблица1[[#This Row],[Площадь, м2.]] -> -8.3 | I81: =VALUE(J81) -> 8.3 | J81: =TRIM(RIGHTB(SUBSTITUTE(K81," ",REPT(" ",99)),99)) -> 8,3 | K81: 1.51 Загрузочная 8,3 | O81: =VALUE(SUBSTITUTE(TRIM(RIGHTB(SUBSTITUTE(P81," ",REPT(" ",99)),99)),",",".")) -> 46089 | P81: =TRIM(RIGHTB(SUBSTITUTE(Q81," ",REPT(" ",99)),99)) -> 8,3 | Q81: 1.51 Загрузочная 8,3
A82: 29 | B82: 1.52 | C82: П-7 | D82: 2.2 | E82: =Таблица1[[#This Row],[Площадь, м2.]]-I82 -> 0 | G82: =F82-Таблица1[[#This Row],[Площадь, м2.]] -> -2.2 | I82: =VALUE(J82) -> 2.2 | J82: =TRIM(RIGHTB(SUBSTITUTE(K82," ",REPT(" ",99)),99)) -> 2,2 | K82: 1.52 Тамбур 2,2 | O82: =VALUE(SUBSTITUTE(TRIM(RIGHTB(SUBSTITUTE(P82," ",REPT(" ",99)),99)),",",".")) -> 46175 | P82: =TRIM(RIGHTB(SUBSTITUTE(Q82," ",REPT(" ",99)),99)) -> 2,6 | Q82: 1.52 Тамбур 2,6 | R82: 2.6
A83: 112 | B83: 1.53 | C83: П-11 | D83: 3.3 | E83: =Таблица1[[#This Row],[Площадь, м2.]]-I83 -> 0 | G83: =F83-Таблица1[[#This Row],[Площадь, м2.]] -> -3.3 | I83: =VALUE(J83) -> 3.3 | J83: =TRIM(RIGHTB(SUBSTITUTE(K83," ",REPT(" ",99)),99)) -> 3,3 | K83: 3,3 | O83: =VALUE(SUBSTITUTE(TRIM(RIGHTB(SUBSTITUTE(P83," ",REPT(" ",99)),99)),",",".")) -> 46084 | P83: =TRIM(RIGHTB(SUBSTITUTE(Q83," ",REPT(" ",99)),99)) -> 3,3 | Q83: 1.53 Помещение уборочного инвентаря 3,3
A84: 113 | B84: 1.54 | C84: П-11 | D84: 10.2 | E84: =Таблица1[[#This Row],[Площадь, м2.]]-I84 -> 0 | G84: =F84-Таблица1[[#This Row],[Площадь, м2.]] -> -10.2 | I84: =VALUE(J84) -> 10.2 | J84: =TRIM(RIGHTB(SUBSTITUTE(K84," ",REPT(" ",99)),99)) -> 10,2 | K84: 1.54 Гардероб персонала с душем 10,2 | O84: =VALUE(SUBSTITUTE(TRIM(RIGHTB(SUBSTITUTE(P84," ",REPT(" ",99)),99)),",",".")) -> 46119 | P84: =TRIM(RIGHTB(SUBSTITUTE(Q84," ",REPT(" ",99)),99)) -> 7,4 | Q84: 1.54 Гардероб персонала с душем 7,4
A85: 114 | B85: 1.55 | C85: П-11 | D85: 13.9 | E85: =Таблица1[[#This Row],[Площадь, м2.]]-I85 -> 0 | G85: =F85-Таблица1[[#This Row],[Площадь, м2.]] -> -13.9 | I85: =VALUE(J85) -> 13.9 | J85: =TRIM(RIGHTB(SUBSTITUTE(K85," ",REPT(" ",99)),99)) -> 13,9 | K85: 1.55 Цех первичной обработки 13,9 | O85: =VALUE(SUBSTITUTE(TRIM(RIGHTB(SUBSTITUTE(P85," ",REPT(" ",99)),99)),",",".")) -> 46155 | P85: =TRIM(RIGHTB(SUBSTITUTE(Q85," ",REPT(" ",99)),99)) -> 13,5 | Q85: 1.55 Цех первичной обработки 13,5
A86: 115 | B86: 1.56 | C86: П-11 | D86: 12.2 | E86: =Таблица1[[#This Row],[Площадь, м2.]]-I86 -> 0 | G86: =F86-Таблица1[[#This Row],[Площадь, м2.]] -> -12.2 | I86: =VALUE(J86) -> 12.2 | J86: =TRIM(RIGHTB(SUBSTITUTE(K86," ",REPT(" ",99)),99)) -> 12,2 | K86: 1.56 Цех вторичной обработки 12,2 | O86: =VALUE(SUBSTITUTE(TRIM(RIGHTB(SUBSTITUTE(P86," ",REPT(" ",99)),99)),",",".")) -> 46123 | P86: =TRIM(RIGHTB(SUBSTITUTE(Q86," ",REPT(" ",99)),99)) -> 11,4 | Q86: 1.56 Цех вторичной обработки 11,4
A87: 116 | B87: 1.57 | C87: П-11 | D87: 21.4 | E87: =Таблица1[[#This Row],[Площадь, м2.]]-I87 -> 0 | G87: =F87-Таблица1[[#This Row],[Площадь, м2.]] -> -21.4 | I87: =VALUE(J87) -> 21.4 | J87: =TRIM(RIGHTB(SUBSTITUTE(K87," ",REPT(" ",99)),99)) -> 21,4 | K87: 1.57 Мясо-рыбный цех 21,4 | O87: =VALUE(SUBSTITUTE(TRIM(RIGHTB(SUBSTITUTE(P87," ",REPT(" ",99)),99)),",",".")) -> 46193 | P87: =TRIM(RIGHTB(SUBSTITUTE(Q87," ",REPT(" ",99)),99)) -> 20,6 | Q87: 1.57 Мясо-рыбный цех 20,6
A88: 70 | B88: 1.58 | C88: П-9 | D88: 58.9 | E88: =Таблица1[[#This Row],[Площадь, м2.]]-I88 -> 0 | G88: =F88-Таблица1[[#This Row],[Площадь, м2.]] -> -58.9 | I88: =VALUE(J88) -> 58.9 | J88: =TRIM(RIGHTB(SUBSTITUTE(K88," ",REPT(" ",99)),99)) -> 58,9 | K88: 1.58 Коридор 58,9 | O88: =VALUE(SUBSTITUTE(TRIM(RIGHTB(SUBSTITUTE(P88," ",REPT(" ",99)),99)),",",".")) -> #VALUE! | P88: =TRIM(RIGHTB(SUBSTITUTE(Q88," ",REPT(" ",99)),99)) -> 57,7 | Q88: 1.58 Коридор 57,7
A89: 30 | B89: 1.59 | C89: П-7 | D89: 15.3 | E89: =Таблица1[[#This Row],[Площадь, м2.]]-I89 -> 0 | G89: =F89-Таблица1[[#This Row],[Площадь, м2.]] -> -15.3 | I89: =VALUE(J89) -> 15.3 | J89: =TRIM(RIGHTB(SUBSTITUTE(K89," ",REPT(" ",99)),99)) -> 15,3 | K89: 1.59 Тамбур 15,3 | O89: =VALUE(SUBSTITUTE(TRIM(RIGHTB(SUBSTITUTE(P89," ",REPT(" ",99)),99)),",",".")) -> 46127 | P89: =TRIM(RIGHTB(SUBSTITUTE(Q89," ",REPT(" ",99)),99)) -> 15,4 | Q89: 1.59 Тамбур 15,4 | R89: 15.4
A90: 50 | B90: 1.6 | C90: П-8 | D90: 92.5 | E90: =Таблица1[[#This Row],[Площадь, м2.]]-I90 -> 0 | F90: 92.5 | G90: =F90-Таблица1[[#This Row],[Площадь, м2.]] -> 0 | I90: =VALUE(J90) -> 92.5 | J90: =TRIM(RIGHTB(SUBSTITUTE(K90," ",REPT(" ",99)),99)) -> 92,5 | K90: 92,5 | O90: =VALUE(SUBSTITUTE(TRIM(RIGHTB(SUBSTITUTE(P90," ",REPT(" ",99)),99)),",",".")) -> #VALUE! | P90: =TRIM(RIGHTB(SUBSTITUTE(Q90," ",REPT(" ",99)),99)) -> 87,9 | Q90: 1.60 Вестибюль с зоной для посетителей 87,9
A91: 71 | B91: 1.61 | C91: П-9 | D91: 16.8 | E91: =Таблица1[[#This Row],[Площадь, м2.]]-I91 -> 0 | G91: =F91-Таблица1[[#This Row],[Площадь, м2.]] -> -16.8 | I91: =VALUE(J91) -> 16.8 | J91: =TRIM(RIGHTB(SUBSTITUTE(K91," ",REPT(" ",99)),99)) -> 16,8 | K91: 1.61 Пост охраны 16,8 | O91: =VALUE(SUBSTITUTE(TRIM(RIGHTB(SUBSTITUTE(P91," ",REPT(" ",99)),99)),",",".")) -> 46188 | P91: =TRIM(RIGHTB(SUBSTITUTE(Q91," ",REPT(" ",99)),99)) -> 15,6 | Q91: 1.61 Пост охраны 15,6
A92: 117 | B92: 1.62 | C92: П-11 | D92: 6.2 | E92: =Таблица1[[#This Row],[Площадь, м2.]]-I92 -> 0 | G92: =F92-Таблица1[[#This Row],[Площадь, м2.]] -> -6.2 | I92: =VALUE(J92) -> 6.2 | J92: =TRIM(RIGHTB(SUBSTITUTE(K92," ",REPT(" ",99)),99)) -> 6,2 | K92: 6,2 | O92: =VALUE(SUBSTITUTE(TRIM(RIGHTB(SUBSTITUTE(P92," ",REPT(" ",99)),99)),",",".")) -> 46270 | P92: =TRIM(RIGHTB(SUBSTITUTE(Q92," ",REPT(" ",99)),99)) -> 5,9 | Q92: 1.62 Туалет для МГН (для посетителей) 5,9
A93: 31 | B93: 1.63 | C93: П-7 | D93: 10.9 | E93: =Таблица1[[#This Row],[Площадь, м2.]]-I93 -> 0 | G93: =F93-Таблица1[[#This Row],[Площадь, м2.]] -> -10.9 | I93: =VALUE(J93) -> 10.9 | J93: =TRIM(RIGHTB(SUBSTITUTE(K93," ",REPT(" ",99)),99)) -> 10,9 | K93: 1.63 Тамбур 10,9 | O93: =VALUE(SUBSTITUTE(TRIM(RIGHTB(SUBSTITUTE(P93," ",REPT(" ",99)),99)),",",".")) -> 46092 | P93: =TRIM(RIGHTB(SUBSTITUTE(Q93," ",REPT(" ",99)),99)) -> 11,3 | Q93: 1.63 Тамбур 11,3 | R93: 11.3
A94: 84 | B94: 1.64 | C94: П-10 | D94: 24 | E94: =Таблица1[[#This Row],[Площадь, м2.]]-I94 -> 0 | G94: =F94-Таблица1[[#This Row],[Площадь, м2.]] -> -24 | I94: =VALUE(J94) -> 24 | J94: =TRIM(RIGHTB(SUBSTITUTE(K94," ",REPT(" ",99)),99)) -> 24,0 | K94: 1.64 Раздевальная комната 24,0 | O94: =VALUE(SUBSTITUTE(TRIM(RIGHTB(SUBSTITUTE(P94," ",REPT(" ",99)),99)),",",".")) -> 46165 | P94: =TRIM(RIGHTB(SUBSTITUTE(Q94," ",REPT(" ",99)),99)) -> 23,5 | Q94: 1.64 Раздевальная комната 23,5
A95: 118 | B95: 1.65 | C95: П-11 | D95: 6.7 | E95: =Таблица1[[#This Row],[Площадь, м2.]]-I95 -> 0 | G95: =F95-Таблица1[[#This Row],[Площадь, м2.]] -> -6.7 | I95: =VALUE(J95) -> 6.7 | J95: =TRIM(RIGHTB(SUBSTITUTE(K95," ",REPT(" ",99)),99)) -> 6,7 | K95: 1.65 Буфет 6,7 | O95: =VALUE(SUBSTITUTE(TRIM(RIGHTB(SUBSTITUTE(P95," ",REPT(" ",99)),99)),",",".")) -> 46118 | P95: =TRIM(RIGHTB(SUBSTITUTE(Q95," ",REPT(" ",99)),99)) -> 6,4 | Q95: 1.65 Буфет 6,4
A96: 119 | B96: 1.66 | C96: П-11 | D96: 29.6 | E96: =Таблица1[[#This Row],[Площадь, м2.]]-I96 -> 0 | G96: =F96-Таблица1[[#This Row],[Площадь, м2.]] -> -29.6 | I96: =VALUE(J96) -> 29.6 | J96: =TRIM(RIGHTB(SUBSTITUTE(K96," ",REPT(" ",99)),99)) -> 29,6 | K96: 1.66 Туалет (в т.ч. МГН) 29,6 | O96: =VALUE(SUBSTITUTE(TRIM(RIGHTB(SUBSTITUTE(P96," ",REPT(" ",99)),99)),",",".")) -> #VALUE! | P96: =TRIM(RIGHTB(SUBSTITUTE(Q96," ",REPT(" ",99)),99)) -> 29,0 | Q96: 1.66 Туалет (в т.ч. МГН) 29,0
A97: 85 | B97: 1.67 | C97: П-10 | D97: 51.3 | E97: =Таблица1[[#This Row],[Площадь, м2.]]-I97 -> 0 | G97: =F97-Таблица1[[#This Row],[Площадь, м2.]] -> -51.3 | I97: =VALUE(J97) -> 51.3 | J97: =TRIM(RIGHTB(SUBSTITUTE(K97," ",REPT(" ",99)),99)) -> 51,3 | K97: 1.67 Групповая 51,3 | O97: =VALUE(SUBSTITUTE(TRIM(RIGHTB(SUBSTITUTE(P97," ",REPT(" ",99)),99)),",",".")) -> #VALUE! | P97: =TRIM(RIGHTB(SUBSTITUTE(Q97," ",REPT(" ",99)),99)) -> 50,0 | Q97: 1.67 Групповая 50,0
A98: 86 | B98: 1.68 | C98: П-10 | D98: 56.6 | E98: =Таблица1[[#This Row],[Площадь, м2.]]-I98 -> 0 | G98: =F98-Таблица1[[#This Row],[Площадь, м2.]] -> -56.6 | I98: =VALUE(J98) -> 56.6 | J98: =TRIM(RIGHTB(SUBSTITUTE(K98," ",REPT(" ",99)),99)) -> 56,6 | K98: 1.68 Спальная 56,6 | O98: =VALUE(SUBSTITUTE(TRIM(RIGHTB(SUBSTITUTE(P98," ",REPT(" ",99)),99)),",",".")) -> #VALUE! | P98: =TRIM(RIGHTB(SUBSTITUTE(Q98," ",REPT(" ",99)),99)) -> 55,7 | Q98: 1.68 Спальная 55,7
A99: 87 | B99: 1.69 | C99: П-10 | D99: 18.5 | E99: =Таблица1[[#This Row],[Площадь, м2.]]-I99 -> 0 | G99: =F99-Таблица1[[#This Row],[Площадь, м2.]] -> -18.5 | I99: =VALUE(J99) -> 18.5 | J99: =TRIM(RIGHTB(SUBSTITUTE(K99," ",REPT(" ",99)),99)) -> 18,5 | K99: 1.69 Раздевальная комната 18,5 | O99: =VALUE(SUBSTITUTE(TRIM(RIGHTB(SUBSTITUTE(P99," ",REPT(" ",99)),99)),",",".")) -> #VALUE! | P99: =TRIM(RIGHTB(SUBSTITUTE(Q99," ",REPT(" ",99)),99)) -> 18,0 | Q99: 1.69 Раздевальная комната 18,0
A100: 32 | B100: 1.7 | C100: П-7 | D100: 4.8 | E100: =Таблица1[[#This Row],[Площадь, м2.]]-I100 -> 0 | G100: =F100-Таблица1[[#This Row],[Площадь, м2.]] -> -4.8 | I100: =VALUE(J100) -> 4.8 | J100: =TRIM(RIGHTB(SUBSTITUTE(K100," ",REPT(" ",99)),99)) -> 4,8 | K100: 1.70 Тамбур 4,8 | O100: =VALUE(SUBSTITUTE(TRIM(RIGHTB(SUBSTITUTE(P100," ",REPT(" ",99)),99)),",",".")) -> 46207 | P100: =TRIM(RIGHTB(SUBSTITUTE(Q100," ",REPT(" ",99)),99)) -> 4,7 | Q100: 1.70 Тамбур 4,7 | R100: 4.7
A101: 120 | B101: 1.71 | C101: П-11 | D101: 6.7 | E101: =Таблица1[[#This Row],[Площадь, м2.]]-I101 -> 0 | G101: =F101-Таблица1[[#This Row],[Площадь, м2.]] -> -6.7 | I101: =VALUE(J101) -> 6.7 | J101: =TRIM(RIGHTB(SUBSTITUTE(K101," ",REPT(" ",99)),99)) -> 6,7 | K101: 1.71 Буфет 6,7 | O101: =VALUE(SUBSTITUTE(TRIM(RIGHTB(SUBSTITUTE(P101," ",REPT(" ",99)),99)),",",".")) -> 46118 | P101: =TRIM(RIGHTB(SUBSTITUTE(Q101," ",REPT(" ",99)),99)) -> 6,4 | Q101: 1.71 Буфет 6,4
A102: 121 | B102: 1.72 | C102: П-11 | D102: 29.9 | E102: =Таблица1[[#This Row],[Площадь, м2.]]-I102 -> 0 | G102: =F102-Таблица1[[#This Row],[Площадь, м2.]] -> -29.9 | I102: =VALUE(J102) -> 29.9 | J102: =TRIM(RIGHTB(SUBSTITUTE(K102," ",REPT(" ",99)),99)) -> 29,9 | K102: 1.72 Туалет (в т.ч. МГН) 29,9 | O102: =VALUE(SUBSTITUTE(TRIM(RIGHTB(SUBSTITUTE(P102," ",REPT(" ",99)),99)),",",".")) -> 46110 | P102: =TRIM(RIGHTB(SUBSTITUTE(Q102," ",REPT(" ",99)),99)) -> 29,3 | Q102: 1.72 Туалет (в т.ч. МГН) 29,3
A103: 88 | B103: 1.73 | C103: П-10 | D103: 51.2 | E103: =Таблица1[[#This Row],[Площадь, м2.]]-I103 -> 0 | G103: =F103-Таблица1[[#This Row],[Площадь, м2.]] -> -51.2 | I103: =VALUE(J103) -> 51.2 | J103: =TRIM(RIGHTB(SUBSTITUTE(K103," ",REPT(" ",99)),99)) -> 51,2 | K103: 1.73 Групповая 51,2 | O103: =VALUE(SUBSTITUTE(TRIM(RIGHTB(SUBSTITUTE(P103," ",REPT(" ",99)),99)),",",".")) -> #VALUE! | P103: =TRIM(RIGHTB(SUBSTITUTE(Q103," ",REPT(" ",99)),99)) -> 50,3 | Q103: 1.73 Групповая 50,3
...

Sheet Тип Плиты
B1: 1 | C1: 2 | D1: 3 | E1: Итог
A2: КР-1 | B2: 1041.2 | E2: =SUM(B2:D2) -> 1041.2 | G2: 1132.5
A3: КР-2 | B3: 32.9 | E3: =SUM(B3:D3) -> 32.9 | G3: 31.2
A4: КР-3 | B4: 113 | C4: 267.9 | D4: 156.1 | E4: =SUM(B4:D4) -> 537 | G4: 560.4
A5: КР-4 | B5: 9.4 | C5: 9.2 | D5: 9.4 | E5: =SUM(B5:D5) -> 28 | G5: 28
A6: КР-6 | B6: 371.2 | E6: =SUM(B6:D6) -> 371.2 | G6: 370.9
A7: КР-8 | C7: 45.7 | E7: =SUM(B7:D7) -> 45.7
A8: КР-9 | C8: 129.4 | E8: =SUM(B8:D8) -> 129.4
A9: КР-10 | B9: 120.9 | C9: 43.3 | D9: 42.7 | E9: =SUM(B9:D9) -> 206.9 | G9: 207.1
A16: КР-1 | B16: 1056.6 | C16: 75.7 | D16: 0 | E16: =SUM(B16:D16) -> 1132.3 | G16: 1132.5
A17: КР-2 | B17: 31.2 | C17: 0 | D17: 0 | E17: =SUM(B17:D17) -> 31.2 | G17: 31.2
A18: КР-3 | B18: 127.2 | C18: 277.5 | D18: 155.7 | E18: =SUM(B18:D18) -> 560.4 | G18: 560.4
A19: КР-4 | B19: 9.4 | C19: 9.2 | D19: 9.4 | E19: =SUM(B19:D19) -> 28 | G19: 28
A20: КР-6 | B20: 370.9 | C20: 0 | D20: 0 | E20: =SUM(B20:D20) -> 370.9 | G20: 370.9
A21: КР-8 | B21: 0 | C21: 0 | D21: 0 | E21: =SUM(B21:D21) -> 0
A22: КР-9 | B22: 0 | C22: 0 | D22: 0 | E22: =SUM(B22:D22) -> 0
A23: КР-10 | B23: 121.1 | C23: 43.3 | D23: 42.7 | E23: =SUM(B23:D23) -> 207.1 | G23: 207.1

Sheet 1-Пл
B1: Ведомость работ
A2: № п.п. | B2: Наименование затрат | C2: Описание | D2: Ед. изм. | E2: Объем
A3: 1 | B3: Устройство покрытия пола СКБ с затиркой и укрытием ДВП / из керамогранитной плитки | C3: 1, этаж. Тип: КР-1 | D3: м2 | E3: ='1-пом'!C15 -> 438.7

Sheet 1Шл4в
B1: Спецификация работ
A2: № п.п. | B2: Наименование | D2: Описание | J2: Ед. изм. | K2: Объем
A3: 1 | B3: Шлифование поверхности полов | D3: Типы П-9, П-9.1, П-10, П-10.1, П-13, П-13.1, П-13.2, П-13.3, П-14 (1-3 этаж) | J3: м2 | K3: =C34+G36+K31 -> 4700.026
A5: № пом. | B5: Тип пола | C5: Площадь, м2. | E5: № пом. | F5: Тип пола | G5: Площадь, м2. | I5: № пом. | J5: Тип пола | K5: Площадь, м2.
A6: 1.05 | B6: П-9 | C6: 22.1 | E6: 2.01 | F6: П-13 | G6: 62.2 | I6: 3.01 | J6: П-13 | K6: 62.8
A7: 1.09 | B7: П-9 | C7: 62.9 | E7: 2.02 | F7: П-13 | G7: 89 | I7: 3.02 | J7: П-13 | K7: 89.1
A8: 1.1 | B8: П-9 | C8: 64.3 | E8: 2.03 | F8: П-13 | G8: 39.4 | I8: 3.03 | J8: П-13 | K8: 29.7
A9: 1.11 | B9: П-9 | C9: 64.4 | E9: 2.04 | F9: П-13 | G9: 63 | I9: 3.04 | J9: П-13 | K9: 64.6
A10: 1.12 | B10: П-9 | C10: 131.2 | E10: 2.05 | F10: П-13 | G10: 64.4 | I10: 3.05 | J10: П-13 | K10: 63.8
A11: 1.19 | B11: П-9 | C11: 20.7 | E11: 2.06 | F11: П-13 | G11: 63.3 | I11: 3.06 | J11: П-13 | K11: 65.4
A12: 1.2 | B12: П-9 | C12: 20.4 | E12: 2.07 | F12: П-13 | G12: 63.3 | I12: 3.07 | J12: П-13 | K12: 63.7
A13: 1.24 | B13: П-9 | C13: 10.1 | E13: 2.08 | F13: П-9 | G13: 78.2 | I13: 3.08 | J13: П-13 | K13: 64.3
A14: 1.25 | B14: П-9 | C14: 10.3 | E14: 2.12 | F14: П-13 | G14: 27 | I14: 3.12 | J14: П-13 | K14: 246.5
A15: 1.26 | B15: П-9 | C15: 10.7 | E15: 2.15 | F15: П-13 | G15: 28 | I15: 3.13 | J15: П-13 | K15: 13.3
A16: 1.27 | B16: П-9 | C16: 25.9 | E16: 2.18 | F16: П-13 | G16: 31.5 | I16: 3.18 | J16: П-13 | K16: 107.2
A17: 1.28 | B17: П-9 | C17: 22.1 | E17: 2.19 | F17: П-14 | G17: 359.3 | I17: 3.19 | J17: П-9 | K17: 113.7
A18: 1.29 | B18: П-9 | C18: 28.126 | E18: 2.21 | F18: П-13 | G18: 14 | I18: 3.23 | J18: П-13 | K18: 21.6
A19: 1.3 | B19: П-9 | C19: 92.2 | E19: 2.27 | F19: П-9 | G19: 19.1 | I19: 3.25 | J19: П-13 | K19: 52.1
A20: 1.31 | B20: П-9 | C20: 113 | E20: 2.28 | F20: П-13 | G20: 192.9 | I20: 3.26 | J20: П-10 | K20: 57
A21: 1.46 | B21: П-9 | C21: 9.3 | E21: 2.29 | F21: П-13 | G21: 14.3 | I21: 3.28 | J21: П-13 | K21: 21.6
A22: 1.58 | B22: П-9 | C22: 58.9 | E22: 2.3 | F22: П-9 | G22: 115.5 | I22: 3.29 | J22: П-13 | K22: 51.6
A23: 1.61 | B23: П-9 | C23: 16.8 | E23: 2.37 | F23: П-13 | G23: 21.6 | I23: 3.3 | J23: П-10 | K23: 56.3
A24: 1.64 | B24: П-10 | C24: 24 | E24: 2.4 | F24: П-13 | G24: 51.3 | I24: 3.33 | J24: П-13 | K24: 75.4
A25: 1.67 | B25: П-10 | C25: 51.3 | E25: 2.41 | F25: П-10 | G25: 56.6 | I25: 3.34 | J25: П-13 | K25: 6.9
A26: 1.68 | B26: П-10 | C26: 56.6 | E26: 2.42 | F26: П-13 | G26: 21.5 | I26: 3.35 | J26: П-13 | K26: 74.9
A27: 1.69 | B27: П-10 | C27: 18.5 | E27: 2.44 | F27: П-13 | G27: 51.3 | I27: 3.41 | J27: П-9 | K27: 36.4
A28: 1.73 | B28: П-10 | C28: 51.2 | E28: 2.45 | F28: П-10 | G28: 56.3 | I28: 3.42 | J28: П-9 | K28: 59.7
A29: 1.74 | B29: П-10 | C29: 56.3 | E29: 2.47 | F29: П-13 | G29: 75.6 | I29: 3.44 | J29: П-9 | K29: 21.4
A30: 1.76 | B30: П-9 | C30: 6.3 | E30: 2.48 | F30: П-13 | G30: 7 | I30: 3.45 | J30: П-13 | K30: 82.7
A31: 1.77 | B31: П-9 | C31: 41.2 | E31: 2.49 | F31: П-13 | G31: 75.2 | I31: Итог | K31: =SUM(K6:K30) -> 1601.7
A32: 1.78 | B32: П-9 | C32: 60 | E32: 2.5 | F32: П-13 | G32: 6.2
A33: 1.82 | B33: П-9 | C33: 24.5 | E33: 2.51 | F33: П-9 | G33: 38.7
A34: Итог | C34: =SUM(C6:C33) -> 1173.326 | E34: 2.56 | F34: П-9 | G34: 63.1
E35: 2.58 | F35: П-13 | G35: 76.2
E36: Итог | G36: =SUM(G6:G35) -> 1925

Sheet 1-пом
A1: Спецификация выполненных работ
A2: № п.п. | B2: Помещения: | C2: Объем, м²
A3: 1 | B3: 1.07 Гардероб для учителей 9,8 | C3: 9.1
A4: 2 | B4: 1.23 Помещение уборочного инвентаря 4,3 | C4: 4.3
A5: 3 | B5: 1.27 Коридор 25,5 | C5: 25.5
A6: 4 | B6: 1.31 Коридор 110,3 | C6: 106.5
A7: 5 | B7: 1.37 Умывальная 11,4 | C7: 10
A8: 6 | B8: 1.38 Обеденный зал на 150 мест 165,9 | C8: 161
A9: 7 | B9: 1.60 Вестибюль с зоной для посетителей 86,8 | C9: 88.8
A10: 8 | B10: 1.65 Буфет 6,3 | C10: 6.5
A11: 9 | B11: 1.71 Буфет 6,3 | C11: 6.5
A12: 10 | B12: 1.75 Помещение уборочного инвентаря 5,5 | C12: 5.3
A13: 11 | B13: 1.76 Комната персонала с гардеробом, душем и туалетом 8,2 | C13: 9.4
A14: 12 | B14: 1.81 Лифтовой холл 6,3 | C14: 5.8
B15: сумма: | C15: =SUM(C3:C14) -> 438.7

Sheet 2-Пл
B1: Ведомость работ
A2: № п.п. | B2: Наименование затрат | C2: Описание | D2: Ед. изм. | E2: Объем
A3: 1 | B3: Устройство покрытия пола СКБ с затиркой и укрытием ДВП / из керамогранитной плитки | C3: 1, 2, 3 этажи. Тип: КР-3 | D3: м2 | E3: ='2-пом'!C25 -> 256.98

Sheet 3.5Нлв4в
A1: Ведомость работ
A2: № п.п. | B2: Наименование затрат | F2: Описание | I2: Ед. изм. | J2: Объем
A3: 1 | B3: Устройство наливных полов с огрунтовкой поверхности и проклейкой демпферной лентой / толщ. от 11 мм до 15 мм | F3: Тип П-13.1, П-13.3. Самовыравнивающаяся смесь с последующей шлифовкой − 14мм. | I3: м2 | J3: =G21+C16 -> 1532.571
A5: Пом. | B5: Тип | C5: Объем, м2 | E5: Пом. | F5: Тип | G5: Объем, м2
A6: 2.40 | B6: П-13.1 | C6: 50.787 | E6: 2.01 | F6: П-13.3 | G6: 63.7
A7: 2.41 | B7: П-13.1 | C7: 56.034 | E7: 2.02 | F7: П-13.3 | G7: 90.2
A8: 2.44 | B8: П-13.1 | C8: 50.787 | E8: 2.03 | F8: П-13.3 | G8: 40.1
A9: 2.45 | B9: П-13.1 | C9: 55.737 | E9: 2.04 | F9: П-13.3 | G9: 64
A10: 3.25 | B10: П-13.1 | C10: 51.579 | E10: 2.05 | F10: П-13.3 | G10: 65.4
A11: 3.26 | B11: П-13.1 | C11: 56.43 | E11: 2.06 | F11: П-13.3 | G11: 64.1
A12: 3.29 | B12: П-13.1 | C12: 51.084 | E12: 2.07 | F12: П-13.3 | G12: 64.3
A13: 3.30 | B13: П-13.1 | C13: 55.737 | E13: 3.01 | F13: П-13.3 | G13: 62.8
A14: 3.33 | B14: П-13.1 | C14: 74.745 | E14: 3.02 | F14: П-13.3 | G14: 89.1
A15: 3.35 | B15: П-13.1 | C15: 74.151 | E15: 3.03 | F15: П-13.3 | G15: 29.7
B16: Итог | C16: =SUM(C6:C15) -> 577.071 | E16: 3.04 | F16: П-13.3 | G16: 64.8
E17: 3.05 | F17: П-13.3 | G17: 63.8
E18: 3.06 | F18: П-13.3 | G18: 65.5
E19: 3.07 | F19: П-13.3 | G19: 63.7
E20: 3.08 | F20: П-13.3 | G20: 64.3
F21: Итог | G21: =SUM(G6:G20) -> 955.5

Sheet 3.4Нлв4в
A1: Ведомость работ
A2: № п.п. | B2: Наименование затрат | F2: Описание | H2: Ед. изм. | I2: Объем
A3: 1 | B3: Устройство наливных полов с огрунтовкой поверхности и проклейкой демпферной лентой / толщ. от 11 мм до 15 мм | F3: Тип П-9, П-9.1, П-13, П-13.2. Самовыравнивающаяся смесь с последующей шлифовкой − 13мм. | H3: м2 | I3: =G20+C21 -> 1789.6
A5: Пом. | B5: Тип | C5: Объем, м2 | E5: Пом. | F5: Тип | G5: Объем, м2
A6: 1.61 | B6: П-9 | C6: 16.8 | E6: 2.08 | F6: П-13.2 | G6: 79.7
A7: 1.77 | B7: П-9 | C7: 41.8 | E7: 2.12 | F7: П-13.2 | G7: 27
A8: 1.78 | B8: П-9 | C8: 60.8 | E8: 2.15 | F8: П-13.2 | G8: 28
A9: 1.05 | B9: П-9.1 | C9: 22 | E9: 2.21 | F9: П-13.2 | G9: 14
A10: 1.09 | B10: П-9.1 | C10: 63 | E10: 2.27 | F10: П-13.2 | G10: 19.1
A11: 1.10 | B11: П-9.1 | C11: 64.3 | E11: 2.28 | F11: П-13.2 | G11: 201.1
A12: 1.11 | B12: П-9.1 | C12: 64.4 | E12: 2.30 | F12: П-13.2 | G12: 115.4
A13: 1.12 | B13: П-9.1 | C13: 131.2 | E13: 2.58 | F13: П-13.2 | G13: 76.2
A14: 1.28 | B14: П-9.1 | C14: 22.1 | E14: 3.12 | F14: П-13.2 | G14: 245.9
A15: 1.29 | B15: П-9.1 | C15: 28.7 | E15: 3.13 | F15: П-13.2 | G15: 13.3
A16: 2.48 | B16: П-13 | C16: 7 | E16: 3.18 | F16: П-13.2 | G16: 114.5
A17: 2.50 | B17: П-13 | C17: 6.2 | E17: 3.19 | F17: П-13.2 | G17: 113.1
... A19: 3.41 | B19: П-13 | C19: 37.1 | E19: 3.45 | F19: П-13.2 | G19: 87.5
A20: 3.42 | B20: П-13 | C20: 60.7 | F20: Итог: | G20: =SUM(G6:G19) -> 1156.6
B21: Итог: | C21: =SUM(C6:C20) -> 633

Sheet 3.3Нлв4в
A1: Ведомость работ
A2: № п.п. | B2: Наименование затрат | F2: Описание | I2: Ед. изм. | J2: Объем
A3: 1 | B3: Устройство наливных полов с огрунтовкой поверхности и проклейкой демпферной лентой / толщ. от 11 мм до 15 мм | F3: Тип П-14. Самовыравнивающаяся смесь с последующей шлифовкой − 12мм. | I3: м2 | J3: =C8 -> 431,9
A5: № пом. | B5: Тип пола | C5: Площадь, м2.
A6: 2.19 | B6: П-14 | C6: 431,9
A7: 2.47 | B7: П-14
B8: Итог: | C8: =C6 -> 431,9

Sheet 3.2Нлв4в
A1: Ведомость работ
A2: № п.п. | B2: Наименование затрат | F2: Описание | I2: Ед. изм. | J2: Объем
A3: 1 | B3: Устройство наливных полов с огрунтовкой поверхности и проклейкой демпферной лентой / толщ. от 11 мм до 15 мм | F3: Тип П-10, П-10.1. Самовыравнивающаяся смесь с последующей шлифовкой − 11 мм | I3: м2 | J3: =C13 -> 267.9
A5: № пом. | B5: Тип пола | C5: Площадь, м2.
A6: 1.64 | B6: П-10 | C6: 248.1
A7: 1.67 | B7: П-10
A8: 1.68 | B8: П-10
A9: 1.69 | B9: П-10
A10: 1.73 | B10: П-10
A11: 1.74 | B11: П-10
A12: 1.19 | B12: П-10.1 | C12: 19.8
B13: Итог: | C13: =SUM(C6:C12) -> 267.9

Sheet 3.1-Нал
A1: Ведомость работ
A2: № п.п. | B2: Наименование затрат | C2: Описание | D2: Ед. изм. | E2: Объем
A3: 1 | B3: Устройство наливных полов СКБ / толщ. до 10 мм | C3: АРОР "Черновые отделочные работы" от 19.02.2026. Тип П-9, П-10. | D3: м2 | E3: ='3.1-Пом'!C8 -> 289.5
A4: 2 | B4: Устройство наливных полов СКБ / толщ. до 10 мм | C4: АРОР "Черновые отделочные работы" от 19.02.2026. Тип П-13 | D4: м2 | E4: ='3.1-Пом'!C35 -> 1386.8

Sheet 3.1-Пом
A1: Пом | B1: Тип | C1: Объем, м2.
A2: 1.26 | B2: П-9 | C2: 21
A3: 2.41 | B3: П-10 | C3: 39.25
A4: 2.45 | B4: П-10 | C4: 39.25
A5: 2.51 | B5: П-9 | C5: 47.5
A6: 2.56 | B6: П-9 | C6: 47.5
A7: 3.41 | B7: П-9 | C7: 95
B8: Итог: | C8: =SUM(C2:C7) -> 289.5
A10: Пом | B10: Тип | C10: Объем, м2.
A11: 2.02 | B11: П-13 | C11: 89.5
A12: 2.03 | B12: П-13 | C12: 40
A13: 2.04 | B13: П-13 | C13: 64.5
A14: 2.05 | B14: П-13 | C14: 64.2
A15: 2.06 | B15: П-13 | C15: 64.5
A16: 2.07 | B16: П-13 | C16: 63.5
A17: 2.37 | B17: П-13 | C17: 21.4
A18: 2.40 | B18: П-13 | C18: 39.25
A19: 2.42 | B19: П-13 | C19: 21.4
A20: 2.44 | B20: П-13 | C20: 39.25
A21: 2.47 | B21: П-13 | C21: 80
A22: 2.49 | B22: П-13 | C22: 80
... A34: 3.35 | B34: П-13 | C34: 73
B35: Итог: | C35: =SUM(C11:C34) -> 1386.8

Sheet 4.Защ_вин
A1: Ведомость работ
A2: № п.п. | B2: Наименование затрат | G2: Ед. изм. | H2: Объем
A3: 1 | B3: Защитные мероприятия по защите линолеума и виниловая плитки от повреждений (доска ДВП) | G3: м2 | H3: =C21+G30+K31 -> 4099.5
A5: № пом. | B5: Тип пола | C5: Площадь, м2. | E5: № пом. | F5: Тип пола | G5: Площадь, м2. | I5: № пом. | J5: Тип пола | K5: Площадь, м2.
A6: 1.05 | B6: Л-7 | C6: 22.1 | E6: 2.01 | F6: Л-7 | G6: 62.6 | I6: 3.01 | J6: Л-7 | K6: 62.8
A7: 1.09 | B7: Л-7 | C7: 61.9 | E7: 2.02 | F7: Л-7 | G7: 89 | I7: 3.02 | J7: Л-7 | K7: 89.1
A8: 1.1 | B8: Л-7 | C8: 63.3 | E8: 2.03 | F8: Л-7 | G8: 39.4 | I8: 3.03 | J8: Л-7 | K8: 29.7
A9: 1.11 | B9: Л-7 | C9: 63.4 | E9: 2.04 | F9: Л-7 | G9: 63 | I9: 3.04 | J9: Л-7 | K9: 64.6
A10: 1.12 | B10: Л-7 | C10: 131.2 | E10: 2.05 | F10: Л-7 | G10: 64.4 | I10: 3.05 | J10: Л-7 | K10: 63.8
A11: 1.19 | B11: Л-1 | C11: 20.7 | E11: 2.06 | F11: Л-7 | G11: 63.3 | I11: 3.06 | J11: Л-7 | K11: 65.4
A12: 1.61 | B12: Л-1 | C12: 16.8 | E12: 2.07 | F12: Л-7 | G12: 63.3 | I12: 3.07 | J12: Л-7 | K12: 63.7
A13: 1.64 | B13: Л-1 | C13: 24 | E13: 2.08 | F13: Л-7 | G13: 78.6 | I13: 3.08 | J13: Л-7 | K13: 64.3
A14: 1.67 | B14: Л-1 | C14: 51.3 | E14: 2.12 | F14: Л-7 | G14: 27 | I14: 3.12 | J14: П-11 | K14: 244.5
A15: 1.68 | B15: Л-1 | C15: 54.6 | E15: 2.15 | F15: Л-7 | G15: 28 | I15: 3.13 | J15: Л-7 | K15: 13.3
A16: 1.69 | B16: Л-1 | C16: 18.5 | E16: 2.19 | F16: Л-4 | G16: 359.3 | I16: 3.18 | J16: Л-7 | K16: 107.2
A17: 1.73 | B17: Л-1 | C17: 51.2 | E17: 2.21 | F17: Л-7 | G17: 14 | I17: 3.19 | J17: Л-7 | K17: 113.7
... A20: 1.78 | B20: Л-1 | C20: 59.3 | E20: 2.3 | F20: Л-7 | G20: 115.5 | I20: 3.26 | J20: Л-1 | K20: 57
B21: Итог: | C21: =SUM(C6:C20) -> 734.8 | E21: 2.37 | F21: Л-1 | G21: 21.6 | I21: 3.28 | J21: Л-1 | K21: 21.6
E22: 2.4 | F22: Л-1 | G22: 51.3 | I22: 3.29 | J22: Л-1 | K22: 51.6
E23: 2.41 | F23: Л-1 | G23: 56.6 | I23: 3.3 | J23: Л-1 | K23: 56.3
E24: 2.42 | F24: Л-1 | G24: 21.5 | I24: 3.33 | J24: Л-1 | K24: 75.4
E25: 2.44 | F25: Л-1 | G25: 51.3 | I25: 3.34 | J25: Л-1 | K25: 6.9
E26: 2.45 | F26: Л-1 | G26: 56.3 | I26: 3.35 | J26: Л-1 | K26: 74.9
E27: 2.47 | F27: Л-4 | G27: 75.6 | I27: 3.41 | J27: Л-1 | K27: 36.4
E28: 2.49 | F28: Л-1 | G28: 75.2 | I28: 3.42 | J28: Л-1 | K28: 59.7
E29: 2.58 | F29: Л-7 | G29: 76.2 | I29: 3.44 | J29: Л-7 | K29: 21.4
F30: Итог: | G30: =SUM(G6:G29) -> 1765 | I30: 3.45 | J30: Л-7 | K30: 82.7
J31: Итог: | K31: =SUM(K6:K30) -> 1599.7

Sheet 2-пом
A1: Спецификация выполненных работ
A2: № п.п. | B2: Помещения: | C2: Объем, м²
A3: 1 | B3: 1.06 Санузел для МГН 5,6 | C3: 5.5
A4: 2 | B4: 1.62 Туалет для МГН (для посетителей) 5,9 | C4: 6.3
A5: 3 | B5: 1.66 Туалет (в т.ч. МГН) 28,9 | C5: 28.9
A6: 4 | B6: 1.72 Туалет (в т.ч. МГН) 29,2 | C6: 30.6
A7: 5 | B7: 2.20 Комната инструктора (с душем и туалетом) 16,7 | C7: 5.6
A8: 6 | B8: 2.22 Санузел персонала 4,9 | C8: 5
A9: 7 | B9: 2.23 Помещение уборочного инвентаря 9,3 | C9: 9
A10: 8 | B10: 2.36 Раздаточная 8,0 | C10: 7.6
A11: 9 | B11: 2.38 Буфет 6,3 | C11: 6.5
A12: 10 | B12: 2.39 Туалет (в т.ч. МГН) 28,9 | C12: 30.6
A13: 11 | B13: 2.43 Буфет 6,3 | C13: 6.5
A14: 12 | B14: 2.46 Туалет (в т.ч. МГН) 28,9 | C14: 30.6
... A24: 22 | B24: 3.40 Помещение уборочного инвентаря 6,0 | C24: 6.2
B25: сумма: | C25: =SUM(C3:C24) -> 256.98

Sheet 5.3Л74в
A1: Ведомость работ
A2: № п.п. | B2: Наименование затрат | F2: Описание | H2: Ед. изм. | I2: Объем
A3: 1 | B3: Устройство покрытия пола из кварцвинила / на клею | F3: Л-7. Плитка виниловая | H3: м2 | I3: =G20+C27 -> 2201.1705
A4: 2 | B4: Устройство покрытия пола из кварцвинила / на клею | F4: 3 этаж. П-11. | H4: м2 | I4: =G27 -> 244.7
A6: Пом. | B6: Тип | C6: Площадь | E6: Пом. | F6: Тип | G6: Объем, м2
A7: 1.05 | B7: Л-7 | C7: 21.89 | E7: 3.01 | F7: Л-7 | G7: 62.486
A8: 1.09 | B8: Л-7 | C8: 62.685 | E8: 3.02 | F8: Л-7 | G8: 88.6545
A9: 1.10 | B9: Л-7 | C9: 63.9785 | E9: 3.03 | F9: Л-7 | G9: 29.5515
A10: 1.11 | B10: Л-7 | C10: 64.078 | E10: 3.04 | F10: Л-7 | G10: 64.476
A11: 1.12 | B11: Л-7 | C11: 130.9 | E11: 3.05 | F11: Л-7 | G11: 63.481
A12: 2.01 | B12: Л-7 | C12: 63.3815 | E12: 3.06 | F12: Л-7 | G12: 65.1725
A13: 2.02 | B13: Л-7 | C13: 89.749 | E13: 3.07 | F13: Л-7 | G13: 63.3815
A14: 2.03 | B14: Л-7 | C14: 39.8995 | E14: 3.08 | F14: Л-7 | G14: 64.3
A15: 2.04 | B15: Л-7 | C15: 63.68 | E15: 3.13 | F15: Л-7 | G15: 13.2335
A16: 2.05 | B16: Л-7 | C16: 65.3 | E16: 3.18 | F16: Л-7 | G16: 113.9275
A17: 2.06 | B17: Л-7 | C17: 63.7795 | E17: 3.19 | F17: Л-7 | G17: 112.5345
A18: 2.07 | B18: Л-7 | C18: 64.2 | E18: 3.44 | F18: Л-7 | G18: 21.691
A19: 2.08 | B19: Л-7 | C19: 79.3015 | E19: 3.45 | F19: Л-7 | G19: 87.0625
A20: 2.12 | B20: Л-7 | C20: 26.865 | F20: Итог: | G20: =SUM(G7:G19) -> 849.952
A21: 2.15 | B21: Л-7 | C21: 27.86
A22: 2.21 | B22: Л-7 | C22: 13.93
A23: 2.27 | B23: Л-7 | C23: 19.0045
A24: 2.28 | B24: Л-7 | C24: 200.0945
A25: 2.30 | B25: Л-7 | C25: 114.823
A26: 2.58 | B26: Л-7 | C26: 75.819 | E26: Пом. | F26: Тип | G26: Объем, м2
B27: Итог: | C27: =SUM(C7:C26) -> 1351.2185 | E27: 3.12 | F27: П-11 | G27: 244.7

Sheet 5.2.1Л14в
A1: Ведомость работ
A2: № п.п. | B2: Наименование затрат | G2: Описание | J2: Ед. изм. | K2: Объем
A3: 1 | B3: Устройство покрытия пола из линолеума | G3: 1, 2, 3 этажи. Тип: Л-1 | J3: м2 | K3: =C16+G16+K17 -> 1345.18
A5: № пом. | B5: Тип пола | C5: Площадь, м2. | E5: № пом. | F5: Тип пола | G5: Площадь, м2. | I5: № пом. | J5: Тип пола | K5: Площадь, м2.
A6: 1.19 | B6: Л-1 | C6: 20.7 | E6: 2.37 | F6: Л-1 | G6: 23.4 | I6: 3.23 | J6: Л-1 | K6: 21.6
A7: 1.61 | B7: Л-1 | C7: 16.8 | E7: 2.40 | F7: Л-1 | G7: 50.9 | I7: 3.25 | J7: Л-1 | K7: 52.1
A8: 1.64 | B8: Л-1 | C8: 24 | E8: 2.41 | F8: Л-1 | G8: 55.8 | I8: 3.26 | J8: Л-1 | K8: 57
A9: 1.67 | B9: Л-1 | C9: 51.3 | E9: 2.42 | F9: Л-1 | G9: 23.01 | I9: 3.28 | J9: Л-1 | K9: 21.6
A10: 1.68 | B10: Л-1 | C10: 54.6 | E10: 2.44 | F10: Л-1 | G10: 50.45 | I10: 3.29 | J10: Л-1 | K10: 51.6
A11: 1.69 | B11: Л-1 | C11: 18.5 | E11: 2.45 | F11: Л-1 | G11: 54.22 | I11: 3.3 | J11: Л-1 | K11: 56.3
A12: 1.73 | B12: Л-1 | C12: 51.2 | E12: 2.49 | F12: Л-1 | G12: 73 | I12: 3.33 | J12: Л-1 | K12: 75.4
A13: 1.74 | B13: Л-1 | C13: 55.3 | E13: 2.50 | F13: Л-1 | G13: 6 | I13: 3.34 | J13: Л-1 | K13: 6.9
A14: 1.77 | B14: Л-1 | C14: 41.2 | E14: 2.51 | F14: Л-1 | G14: 42.4 | I14: 3.35 | J14: Л-1 | K14: 74.9
A15: 1.78 | B15: Л-1 | C15: 59.3 | E15: 2.56 | F15: Л-1 | G15: 59.6 | I15: 3.41 | J15: Л-1 | K15: 36.4
B16: Итог: | C16: =SUM(C6:C15) -> 392.9 | F16: Итог: | G16: =SUM(G6:G15) -> 438.78 | I16: 3.42 | J16: Л-1 | K16: 59.7
J17: Итог: | K17: =SUM(K6:K16) -> 513.5

Sheet 5.1-Л4
A1: Ведомость работ
A2: № п.п. | B2: Наименование затрат | C2: Описание | E2: Ед. изм. | F2: Объем
A3: 1 | B3: Устройство покрытия пола из линолеума. Включая защиту ДВП | C3: 2 этаж. Тип: Л-4 | E3: м2 | F3: =F6+F7 -> 431.3
C5: № п/п | D5: № пом | E5: Ед. изм. | F5: Объем
C6: 1 | D6: 2.19 | E6: м2 | F6: 357.18
C7: 2 | D7: 2.47 | E7: м2 | F7: 74.12

Sheet 5.2 Л-1
A1: Ведомость работ
A2: № п.п. | B2: Наименование затрат | G2: Описание | J2: Ед. изм. | K2: Объем
A3: 1 | B3: Защитные мероприятия по защите линолеума и виниловая плитки от повреждений (доска ДВП) | G3: 1, 2, 3 этажи. Тип: Л-1 | J3: м2 | K3: =C16+G12+K17 -> 1165
A5: № пом. | B5: Тип пола | C5: Площадь, м2. | E5: № пом. | F5: Тип пола | G5: Площадь, м2. | I5: № пом. | J5: Тип пола | K5: Площадь, м2.
A6: 1.19 | B6: Л-1 | C6: 20.7 | E6: 2.37 | F6: Л-1 | G6: 21.6 | I6: 3.23 | J6: Л-1 | K6: 21.6
A7: 1.61 | B7: Л-1 | C7: 16.8 | E7: 2.4 | F7: Л-1 | G7: 51.3 | I7: 3.25 | J7: Л-1 | K7: 52.1
A8: 1.64 | B8: Л-1 | C8: 24 | E8: 2.41 | F8: Л-1 | G8: 56.6 | I8: 3.26 | J8: Л-1 | K8: 57
A9: 1.67 | B9: Л-1 | C9: 51.3 | E9: 2.42 | F9: Л-1 | G9: 21.5 | I9: 3.28 | J9: Л-1 | K9: 21.6
A10: 1.68 | B10: Л-1 | C10: 54.6 | E10: 2.44 | F10: Л-1 | G10: 51.3 | I10: 3.29 | J10: Л-1 | K10: 51.6
A11: 1.69 | B11: Л-1 | C11: 18.5 | E11: 2.45 | F11: Л-1 | G11: 56.3 | I11: 3.3 | J11: Л-1 | K11: 56.3
A12: 1.73 | B12: Л-1 | C12: 51.2 | F12: Итог: | G12: =SUM(G6:G11) -> 258.6 | I12: 3.33 | J12: Л-1 | K12: 75.4
A13: 1.74 | B13: Л-1 | C13: 55.3 | I13: 3.34 | J13: Л-1 | K13: 6.9
A14: 1.77 | B14: Л-1 | C14: 41.2 | I14: 3.35 | J14: Л-1 | K14: 74.9
A15: 1.78 | B15: Л-1 | C15: 59.3 | I15: 3.41 | J15: Л-1 | K15: 36.4
B16: Итог: | C16: =SUM(C6:C15) -> 392.9 | I16: 3.42 | J16: Л-1 | K16: 59.7
J17: Итог: | K17: =SUM(K6:K16) -> 513.5

Sheet 2-Пл (2)
B1: Ведомость работ
A2: № п.п. | B2: Наименование затрат | C2: Описание | D2: Ед. изм. | E2: Объем
A3: 1 | B3: Устройство покрытия пола СКБ с затиркой и укрытием ДВП / из керамогранитной плитки | C3: 1, 2, 3 этажи. Тип: КР-3 | D3: м2 | E3: ='2-пом'!C25 -> 256.98

Sheet 2.1КР3
A1: Ведомость работ
A2: № п.п. | B2: Наименование затрат | G2: Описание | J2: Ед. изм. | K2: Объем
A3: 1 | B3: Устройство покрытия пола СКБ с затиркой и укрытием ДВП / из керамогранитной плитки от 0,2м2/шт | G3: 1, 2, 3 этажи. Тип: КР-3 | J3: м2 | K3: =C12+G19+K15 -> 256.52
A4: 1 | B4: Устройство покрытия пола СКБ с затиркой и укрытием ДВП / из керамогранитной плитки от 0,2м2/шт | G4: 1, 2, 3 этажи. Тип: КР-4 | J4: м2 | K4: =C24+G24+K24 -> 27.87
A6: № пом. | B6: Тип пола | C6: Площадь, м2. | E6: № пом. | F6: Тип пола | G6: Площадь, м2. | I6: № пом. | J6: Тип пола | K6: Площадь, м2.
A7: 1.03 | B7: КР-3 | C7: 5.01 | E7: 2.33 | F7: КР-3 | G7: 6.47 | I7: 3.14 | J7: КР-3 | K7: 5.6
A8: 1.22 | B8: КР-3 | C8: 3.76 | E8: 2.24 | F8: КР-3 | G8: 10.18 | I8: 3.15 | J8: КР-3 | K8: 11.7
A9: 1.13 | B9: КР-3 | C9: 10.18 | E9: 2.25 | F9: КР-3 | G9: 10.23 | I9: 3.27 | J9: КР-3 | K9: 29.24
A10: 1.14 | B10: КР-3 | C10: 5.14 | E10: 2.26 | F10: КР-3 | G10: 5.24 | I10: 3.16 | J10: КР-3 | K10: 6.49
A11: 1.15 | B11: КР-3 | C11: 10.23 | E11: 2.09 | F11: КР-3 | G11: 5.11 | I11: 3.09 | J11: КР-3 | K11: 5.48
B12: Итог: | C12: =SUM(C7:C11) -> 34.32 | E12: 2.10 | F12: КР-3 | G12: 11.06 | I12: 3.10 | J12: КР-3 | K12: 10.53
E13: 2.11 | F13: КР-3 | G13: 11.17 | I13: 3.11 | J13: КР-3 | K13: 10.56
E14: 2.13 | F14: КР-3 | G14: 13.28 | I14: 3.22 | J14: КР-3 | K14: 8.51
E15: 2.14 | F15: КР-3 | G15: 8.24 | J15: Итог: | K15: =SUM(K7:K14) -> 88.11
E16: 2.16 | F16: КР-3 | G16: 10.49
E17: 2.17 | F17: КР-3 | G17: 11.84
E18: 2.18 | F18: КР-3 | G18: 30.78
F19: Итог: | G19: =SUM(G7:G18) -> 134.09
A21: № пом. | B21: Тип пола | C21: Площадь, м2. | E21: № пом. | F21: Тип пола | G21: Площадь, м2. | I21: № пом. | J21: Тип пола | K21: Площадь, м2.
A22: 1.13 | B22: КР-4 | C22: 4.73 | E22: 2.24 | F22: КР-4 | G22: 4.58 | I22: 3.10 | J22: КР-4 | K22: 4.69
A23: 1.15 | B23: КР-4 | C23: 4.62 | E23: 2.25 | F23: КР-4 | G23: 4.62 | I23: 3.11 | J23: КР-4 | K23: 4.63
B24: Итог: | C24: =SUM(C22:C23) -> 9.35 | F24: Итог: | G24: =SUM(G22:G23) -> 9.2 | J24: Итог: | K24: =SUM(K22:K23) -> 9.32

Sheet 1.1КР1
A1: Ведомость работ
A2: № п.п. | B2: Наименование затрат | G2: Описание | J2: Ед. изм. | K2: Объем
A3: 1 | B3: Устройство покрытия пола СКБ с затиркой и укрытием ДВП / из керамогранитной плитки от 0,2м2/шт | G3: 1, 2 этажи. Тип: КР-1 | J3: м2 | K3: =C25+G8 -> 678.86
A5: № пом. | B5: Тип пола | C5: Площадь, м2. | E5: № пом. | F5: Тип пола | G5: Площадь, м2.
A6: 1.04 | C6: 257.98 | E6: 1.04 | G6: 57.94
A7: 1.08 | C7: 98.23 | E7: 2.29 | G7: 14.96
A8: 1.24 | C8: 10.04 | F8: Итог: | G8: =SUM(G6:G7) -> 72.9
A9: 1.25 | C9: 10.51
A10: 1.26 | C10: 10.06
A11: 1.30 | C11: 98.59
A12: 1.36 | C12: 7.25
A13: 1.21 | C13: 5.76
A14: 1.20 | C14: 20
A15: 1.17 | C15: 13.53
A16: 1.18 | C16: 13.3
A17: 1.63 | C17: 11.67
A18: 1.54 | C18: 9.72
A19: 1.53 | C19: 3.38
A20: 1.52 | C20: 3.04
... A24: 1.70 | C24: 4.63
B25: Итог: | C25: =SUM(C6:C24) -> 605.96
