Workbook

Sheet ВедомостьОбщая
F1: 2эт | G1: 2эт | H1: 2эт | I1: 2эт | J1: 2эт | K1: 2эт | L1: 2эт
B2: 2эт | C2: общая | D2: текущь | E2: остаток | F2: 7 | G2: 6 | H2: 5 | I2: 4 | J2: 3 | K2: 2 | L2: 1 | M2: Что осталось | N2: Спортзал
B3: Штукатурка стен сухими смесями с установкой маяков с предварительной огрунтовкой / толщ. от 21 до 40 мм (Штукатурка по ж/б поверхностям) | C3: 3617.6 | D3: =SUM(F3:L3) -> 1991.3285 | E3: =C3-D3 -> 1626.2715 | F3: ='1.n2'!E6 -> 410.02 | G3: ='2.n2'!E6 -> 333.82 | H3: ='3.n2'!E6 -> 161.17 | I3: ='4.n2'!E6 -> 361.91848 | K3: ='7.n2'!E6 -> 724.4 | L3: - | M3: Библиотека и спорт зал | N3: ='8.n2'!E6 -> 292.2
B4: Штукатурка стен сухими смесями с установкой маяков с предварительной огрунтовкой / толщ. от 21 до 40 мм (Штукатурка по газобетонному блоку и ПГП) | C4: 4510.8 | D4: =SUM(F4:L4) -> 3293.4998 | E4: =C4-D4 -> 1217.3002 | F4: ='1.n2'!E10 -> 603.16 | G4: ='2.n2'!E10 -> 502.91 | H4: ='3.n2'!E10 -> 341.47 | I4: ='4.n2'!E10 -> 697.45979 | K4: ='7.n2'!E10 -> 1148.5 | L4: - | N4: ='8.n2'!E10 -> 240.6
B5: сумма | C5: =SUM(C3:C4) -> 8128.4 | D5: =SUM(D3:D4) -> 5284.8283 | E5: =SUM(E3:E4) -> 2843.5717
B8: 3эт
B9: Штукатурка стен сухими смесями с установкой маяков с предварительной огрунтовкой / толщ. от 21 до 40 мм (Штукатурка по ж/б поверхностям) | C9: 3125.2 | D9: =SUM(F9:L9) -> 2109.6395 | E9: =C9-D9 -> 1015.5605 | F9: ='5.n3'!E6 -> 1389.7395 | G9: - | H9: - | I9: - | K9: ='6.n3э'!E6 -> 719.9 | L9: -
B10: Штукатурка стен сухими смесями с установкой маяков с предварительной огрунтовкой / толщ. от 21 до 40 мм (Штукатурка по газобетонному блоку и ПГП) | C10: 4248.8 | D10: =SUM(F10:L10) -> 3666.3019 | E10: =C10-D10 -> 582.49808 | F10: ='5.n3'!E10 -> 2747.8019 | G10: - | H10: - | I10: - | K10: ='6.n3э'!E10 -> 918.5 | L10: -
C11: =SUM(C9:C10) -> 7374 | D11: =SUM(D9:D10) -> 5775.9415 | E11: =SUM(E9:E10) -> 1598.0585

Sheet 1.n2
B1: Ведомость работ и используемых материалов (Штукатурка)
A2: № п.п. | B2: Наименование | C2: Ед. изм. | D2: Коэф. расхода | E2: Объем
A3: 1 | B3: Оклейка швов сопряжения бетонных и других поверхностей стен, перегородок (газобетон, ПГП, панели АКОТЕК и др.) стеклохолстом | C3: пог. м | D3: 1 | E3: 267.16
A4: 1.2 | B4: Штукатурка гипсовая | C4: кг | D4: 0.1 | E4: =D4*E3 -> 26.716
A5: 1.3 | B5: Лента армирующая ( серпянка)_/150мм | C5: пог. м | D5: 1.1 | E5: =D5*E3 -> 293.876
A6: 1 | B6: Штукатурка стен гипсовыми смесями с предварительной огрунтовкой СКБ / толщ. от 21 до 40 мм / высотой от 4,01 до 8 метров (Штукатурка по ж/б поверхностям) | C6: м² | D6: 1 | E6: 410.02
A7: 1.1 | B7: Грунтовка БЕТОН-КОНТАКТ | C7: кг | D7: 0.25 | E7: =$E$6*D7 -> 102.505
A8: 1.2 | B8: Профиль маячковый_/ПМ6 | C8: пог. м | D8: 1 | E8: =$E$6*D8 -> 410.02
A9: 1.3 | B9: Штукатурка гипсовая | C9: кг | D9: 1 | E9: =$E$6*D9 -> 410.02
A10: 2 | B10: Штукатурка стен гипсовыми смесями с предварительной огрунтовкой СКБ / толщ. от 21 до 40 мм / высотой от 4,01 до 8 метров (Штукатурка по газобетонному блоку и ПГП) | C10: м² | D10: 1 | E10: 603.16
A11: 2.1 | B11: Штукатурка гипсовая | C11: кг | D11: 1 | E11: =$E$10*D11 -> 603.16
A12: 2.2 | B12: Грунтовка универсальный ЛАСТИМИН_ / LP-51 А | C12: кг | D12: 0.15 | E12: =$E$10*D12 -> 90.474
A13: 2.3 | B13: Профиль маячковый_/ПМ6 | C13: пог. м | D13: 1 | E13: =$E$10*D13 -> 603.16
A14: 2.4 | B14: Профиль углозащитный оцинкованный 31х31 мм 0,5 мм | C14: пог. м | D14: 1 | E14: 295.41
B16: Ведомость работ и используемых материалов (Шпаклевка базовая)
A17: № п.п. | B17: Наименование | C17: Ед. изм. | D17: Коэф. расхода | E17: Объем
A18: 1 | B18: Подготовка поверхности СКБ / стен / по штукатурке / 2мм (Шпаклевка базовая) | C18: м² | D18: 1 | E18: =E10+E6 -> 1013.18
A19: 1.1 | B19: Грунтовка универсальный ЛАСТИМИН_ / LP-51 А | C19: кг | D19: 0.15 | E19: =$E$18*D19 -> 151.977
A20: 1.2 | B20: Шпатлевка гипсовая_ / белая | C20: кг | D20: 1.8 | E20: =$E$18*D20 -> 1823.724
A21: 1.3 | B21: Уголок малярный | C21: пог. м | D21: 0.3 | E21: 24.01

Sheet 1.n;п.
A1: Спецификация выполненных работ
A2: Штукатурка стен и базовая шпаклевка
C3: по ж/б поверхностям | D3: по газобетонному блоку и ПГП | E3: Итог
A4: № п.п. | B4: Помещения: | C4: Объем, м² | D4: Объем, м²
A5: 1 | B5: 2057 | C5: 10.8 | D5: 48.9 | E5: 59.7
A6: 2 | B6: 2058 | C6: 143.5 | D6: 105.9 | E6: 249.4
A7: 3 | B7: 2060 | C7: 20.5 | D7: 67.1 | E7: 87.6
A8: 4 | B8: 2061 | C8: 61 | D8: 152.8 | E8: 213.8
A9: 5 | B9: 2062 | C9: 110.2 | D9: 159.9 | E9: 270.1
A10: 6 | B10: 2064 | C10: 58.5 | D10: 53.6 | E10: 112.1
A11: 7 | B11: 2066 | C11: 67.5 | D11: 91.7 | E11: 159.2
B12: сумма: | C12: =SUM(C5:C11) -> 472 | D12: =SUM(D5:D11) -> 679.9 | E12: =SUM(E5:E11) -> 1151.9

Sheet 2.n2
B1: Ведомость работ и используемых материалов (Штукатурка)
A2: № п.п. | B2: Наименование | C2: Ед. изм. | D2: Коэф. расхода | E2: Объем
A3: 1 | B3: Оклейка швов сопряжения бетонных и других поверхностей стен, перегородок (газобетон, ПГП, панели АКОТЕК и др.) стеклохолстом | C3: пог. м | D3: 1 | E3: 233
A4: 1.2 | B4: Штукатурка гипсовая | C4: кг | D4: 0.1 | E4: =D4*E3 -> 23.3
A5: 1.3 | B5: Лента армирующая ( серпянка)_/150мм | C5: пог. м | D5: 1.1 | E5: =D5*E3 -> 256.3
A6: 2 | B6: ='1.n2'!B6 -> Штукатурка стен гипсовыми смесями с предварительной огрунтовкой СКБ / толщ. от 21 до 40 мм / высотой от 4,01 до 8 метров (Штукатурка по ж/б поверхностям) | C6: м² | D6: 1 | E6: ='спец 6с'!C13 -> 333.82
A7: 2.1 | B7: Грунтовка БЕТОН-КОНТАКТ | C7: кг | D7: 0.25 | E7: =$E$6*D7 -> 83.455
A8: 2.2 | B8: Профиль маячковый_/ПМ6 | C8: пог. м | D8: 1 | E8: =$E$6*D8 -> 333.82
A9: 2.3 | B9: Штукатурка гипсовая | C9: кг | D9: 1 | E9: =$E$6*D9*28.57 -> 9537.2374
A10: 3 | B10: ='1.n2'!B10 -> Штукатурка стен гипсовыми смесями с предварительной огрунтовкой СКБ / толщ. от 21 до 40 мм / высотой от 4,01 до 8 метров (Штукатурка по газобетонному блоку и ПГП) | C10: м² | D10: 1 | E10: ='спец 6с'!D13 -> 502.91
A11: 3.1 | B11: Штукатурка гипсовая | C11: кг | D11: 1 | E11: =$E$10*D11*32.51 -> 16349.604
A12: 3.2 | B12: Грунтовка универсальный ЛАСТИМИН_ / LP-51 А | C12: кг | D12: 0.15 | E12: =$E$10*D12 -> 75.4365
A13: 3.3 | B13: Профиль маячковый_/ПМ6 | C13: пог. м | D13: 1 | E13: =$E$10*D13 -> 502.91
A14: 3.4 | B14: Профиль углозащитный оцинкованный 31х31 мм 0,5 мм | C14: пог. м | D14: 1 | E14: 97.47
B16: Ведомость работ и используемых материалов (Шпаклевка базовая)
A17: № п.п. | B17: Наименование | C17: Ед. изм. | D17: Коэф. расхода | E17: Объем
A18: 1 | B18: ='1.n2'!B18 -> Подготовка поверхности СКБ / стен / по штукатурке / 2мм (Шпаклевка базовая) | C18: м² | D18: 1 | E18: =E10+E6 -> 836.73
A19: 1.1 | B19: Грунтовка универсальный ЛАСТИМИН_ / LP-51 А | C19: кг | D19: 0.15 | E19: =$E$18*D19 -> 125.5095
A20: 1.2 | B20: Шпатлевка гипсовая_ / белая | C20: кг | D20: 1.8 | E20: =$E$18*D20 -> 1506.114
A21: 1.3 | B21: Уголок малярный | C21: пог. м | D21: 0.3 | E21: 24.01

Sheet спец 6с
A1: Спецификация выполненных работ
A2: Штукатурка стен и базовая шпаклевка
C3: по ж/б поверхностям | D3: по газобетонному блоку и ПГП | E3: Итог
A4: № п.п. | B4: Помещения: | C4: Объем, м² | D4: Объем, м²
A5: 1 | B5: 2.048 | C5: 41.24 | D5: 153.84 | E5: =C5+D5 -> 195.08
A6: 2 | B6: 2.049 | C6: 153.37 | D6: 103.52 | E6: =C6+D6 -> 256.89
A7: 3 | B7: 2.050 | C7: 40.34 | D7: 48.01 | E7: =C7+D7 -> 88.35
A8: 4 | B8: 2.051 | C8: 15.91 | D8: 70.86 | E8: =C8+D8 -> 86.77
A9: 5 | B9: 2.052 | C9: 3.2 | D9: 29.57 | E9: =C9+D9 -> 32.77
A10: 6 | B10: 2.053 | C10: 0 | D10: 35.28 | E10: =C10+D10 -> 35.28
A11: 7 | B11: 2.054-2.069 | C11: 43.07 | D11: 48.19 | E11: =C11+D11 -> 91.26
A12: 8 | B12: 2.055 | C12: 36.69 | D12: 13.64 | E12: =C12+D12 -> 50.33
B13: сумма: | C13: =SUM(C5:C12) -> 333.82 | D13: =SUM(D5:D12) -> 502.91 | E13: =SUM(E5:E12) -> 836.73

Sheet 3.n2
B1: Ведомость работ и используемых материалов (Штукатурка)
A2: № п.п. | B2: Наименование | C2: Ед. изм. | D2: Коэф. расхода | E2: Объем
A3: 1 | B3: Оклейка швов сопряжения бетонных и других поверхностей стен, перегородок (газобетон, ПГП, панели АКОТЕК и др.) стеклохолстом | C3: пог. м | D3: 1 | E3: 323.32
A4: 1.2 | B4: Штукатурка гипсовая | C4: кг | D4: 0.1 | E4: =D4*E3 -> 32.332
A5: 1.3 | B5: Лента армирующая ( серпянка)_/150мм | C5: пог. м | D5: 1.1 | E5: =D5*E3 -> 355.652
A6: 2 | B6: ='1.n2'!B6 -> Штукатурка стен гипсовыми смесями с предварительной огрунтовкой СКБ / толщ. от 21 до 40 мм / высотой от 4,01 до 8 метров (Штукатурка по ж/б поверхностям) | C6: м² | D6: 1 | E6: ='спец 5с'!C8 -> 161.17
A7: 2.1 | B7: Грунтовка БЕТОН-КОНТАКТ | C7: кг | D7: 0.25 | E7: =$E$6*D7 -> 40.2925
A8: 2.2 | B8: Профиль маячковый_/ПМ6 | C8: пог. м | D8: 1 | E8: =$E$6*D8 -> 161.17
A9: 2.3 | B9: Штукатурка гипсовая | C9: кг | D9: 1 | E9: =$E$6*D9*28.57 -> 4604.6269
A10: 3 | B10: ='1.n2'!B10 -> Штукатурка стен гипсовыми смесями с предварительной огрунтовкой СКБ / толщ. от 21 до 40 мм / высотой от 4,01 до 8 метров (Штукатурка по газобетонному блоку и ПГП) | C10: м² | D10: 1 | E10: ='спец 5с'!D8 -> 341.47
A11: 3.1 | B11: Штукатурка гипсовая | C11: кг | D11: 1 | E11: =$E$10*D11*32.51 -> 11101.19
A12: 3.2 | B12: Грунтовка универсальный ЛАСТИМИН_ / LP-51 А | C12: кг | D12: 0.15 | E12: =$E$10*D12 -> 51.2205
A13: 3.3 | B13: Профиль маячковый_/ПМ6 | C13: пог. м | D13: 1 | E13: =$E$10*D13 -> 341.47
A14: 3.4 | B14: Профиль углозащитный оцинкованный 31х31 мм 0,5 мм | C14: пог. м | D14: 1 | E14: 97.97
B16: Ведомость работ и используемых материалов (Шпаклевка базовая)
A17: № п.п. | B17: Наименование | C17: Ед. изм. | D17: Коэф. расхода | E17: Объем
A18: 1 | B18: ='1.n2'!B18 -> Подготовка поверхности СКБ / стен / по штукатурке / 2мм (Шпаклевка базовая) | C18: м² | D18: 1 | E18: =E10+E6 -> 502.64
A19: 1.1 | B19: Грунтовка универсальный ЛАСТИМИН_ / LP-51 А | C19: кг | D19: 0.15 | E19: =$E$18*D19 -> 75.396
A20: 1.2 | B20: Шпатлевка гипсовая_ / белая | C20: кг | D20: 1.8 | E20: =$E$18*D20 -> 904.752
A21: 1.3 | B21: Уголок малярный | C21: пог. м | D21: 0.3 | E21: 24.01

Sheet спец 5с
A1: Спецификация выполненных работ
A2: Штукатурка стен и базовая шпаклевка
C3: по ж/б поверхностям | D3: по газобетонному блоку и ПГП | E3: Итог
A4: № п.п. | B4: Помещения: | C4: Объем, м² | D4: Объем, м²
A5: 1 | B5: 2.045 | C5: 82.77 | D5: 145.32 | E5: =C5+D5 -> 228.09
A6: 2 | B6: 2.046 | C6: 71.44 | D6: 123.07 | E6: =C6+D6 -> 194.51
A7: 3 | B7: 2.047 | C7: 6.96 | D7: 73.08 | E7: =C7+D7 -> 80.04
B8: сумма: | C8: =SUM(C5:C7) -> 161.17 | D8: =SUM(D5:D7) -> 341.47 | E8: =SUM(E5:E7) -> 502.64

Sheet 4.n2
B1: Ведомость работ и используемых материалов (Штукатурка)
A2: № п.п. | B2: Наименование | C2: Ед. изм. | D2: Коэф. расхода | E2: Объем
A3: 1 | B3: Оклейка швов сопряжения бетонных и других поверхностей стен, перегородок (газобетон, ПГП, панели АКОТЕК и др.) стеклохолстом | C3: пог. м | D3: 1 | E3: 396.86
A4: 1.2 | B4: Штукатурка гипсовая | C4: кг | D4: 0.1 | E4: =D4*E3 -> 39.686
A5: 1.3 | B5: Лента армирующая ( серпянка)_/150мм | C5: пог. м | D5: 1.1 | E5: =D5*E3 -> 436.546
A6: 2 | B6: ='1.n2'!B6 -> Штукатурка стен гипсовыми смесями с предварительной огрунтовкой СКБ / толщ. от 21 до 40 мм / высотой от 4,01 до 8 метров (Штукатурка по ж/б поверхностям) | C6: м² | D6: 1 | E6: ='спец 4с'!C14 -> 361.91848
A7: 2.1 | B7: Грунтовка БЕТОН-КОНТАКТ | C7: кг | D7: 0.25 | E7: =$E$6*D7 -> 90.479619
A8: 2.2 | B8: Профиль маячковый_/ПМ6 | C8: пог. м | D8: 1 | E8: =$E$6*D8 -> 361.91848
A9: 2.3 | B9: Штукатурка гипсовая | C9: кг | D9: 1 | E9: =$E$6*D9*28.57 -> 10340.011
A10: 3 | B10: ='1.n2'!B10 -> Штукатурка стен гипсовыми смесями с предварительной огрунтовкой СКБ / толщ. от 21 до 40 мм / высотой от 4,01 до 8 метров (Штукатурка по газобетонному блоку и ПГП) | C10: м² | D10: 1 | E10: ='спец 4с'!D14 -> 697.45979
A11: 3.1 | B11: Штукатурка гипсовая | C11: кг | D11: 1 | E11: =$E$10*D11*32.51 -> 22674.418
A12: 3.2 | B12: Грунтовка универсальный ЛАСТИМИН_ / LP-51 А | C12: кг | D12: 0.15 | E12: =$E$10*D12 -> 104.61897
A13: 3.3 | B13: Профиль маячковый_/ПМ6 | C13: пог. м | D13: 1 | E13: =$E$10*D13 -> 697.45979
A14: 3.4 | B14: Профиль углозащитный оцинкованный 31х31 мм 0,5 мм | C14: пог. м | D14: 1 | E14: =15*3.98 -> 59.7
B16: Ведомость работ и используемых материалов (Шпаклевка базовая)
A17: № п.п. | B17: Наименование | C17: Ед. изм. | D17: Коэф. расхода | E17: Объем
A18: 1 | B18: ='1.n2'!B18 -> Подготовка поверхности СКБ / стен / по штукатурке / 2мм (Шпаклевка базовая) | C18: м² | D18: 1 | E18: =E10+E6 -> 1059.3783
A19: 1.1 | B19: Грунтовка универсальный ЛАСТИМИН_ / LP-51 А | C19: кг | D19: 0.15 | E19: =$E$18*D19 -> 158.90674
A20: 1.2 | B20: Шпатлевка гипсовая_ / белая | C20: кг | D20: 1.8 | E20: =$E$18*D20 -> 1906.8809
A21: 1.3 | B21: Уголок малярный | C21: пог. м | D21: 0.3 | E21: 24.01

Sheet спец 4с
A1: Спецификация выполненных работ
A2: Штукатурка стен и базовая шпаклевка
C3: по ж/б поверхностям | D3: по газобетонному блоку и ПГП | E3: Итог
A4: № п.п. | B4: Помещения: | C4: Объем, м² | D4: Объем, м²
A5: 1 | B5: 2.036 | C5: 27.473939 | D5: 100.70855 | E5: =C5+D5 -> 128.18249
A6: 2 | B6: 2.038 | C6: 49.624981 | D6: 56.044551 | E6: =C6+D6 -> 105.66953
A7: 3 | B7: 2.039 | C7: 42.740829 | D7: 59.509028 | E7: =C7+D7 -> 102.24986
A8: 4 | B8: 2.040 | C8: 69.465545 | D8: 36.453381 | E8: =C8+D8 -> 105.91893
A9: 5 | B9: 2.041 | C9: 70.613545 | D9: 36.04662 | E9: =C9+D9 -> 106.66017
A10: 6 | B10: 2.042 | C10: 18.623237 | D10: 171.03722 | E10: =C10+D10 -> 189.66046
A11: 7 | B11: 2.043 | C11: 36.7 | D11: 13.64 | E11: =C11+D11 -> 50.34
A12: 8 | B12: 2.046 | C12: 31.8764 | D12: 105.47421 | E12: =C12+D12 -> 137.35061
A13: 9 | B13: 2.071 | C13: 14.8 | D13: 118.54623 | E13: =C13+D13 -> 133.34623
B14: сумма: | C14: =SUM(C5:C13) -> 361.91848 | D14: =SUM(D5:D13) -> 697.45979 | E14: =SUM(C14:D14) -> 1059.3783

Sheet 5.n3
B1: Ведомость работ и используемых материалов (Штукатурка)
A2: № п.п. | B2: Наименование | C2: Ед. изм. | D2: Коэф. расхода | E2: Объем
A3: 1 | B3: Оклейка швов сопряжения бетонных и других поверхностей стен, перегородок (газобетон, ПГП, панели АКОТЕК и др.) стеклохолстом | C3: пог. м | D3: 1 | E3: =290*3.8 -> 1102
A4: 1.2 | B4: Штукатурка гипсовая | C4: кг | D4: 0.1 | E4: =D4*E3 -> 110.2
A5: 1.3 | B5: Лента армирующая ( серпянка)_/150мм | C5: пог. м | D5: 1.1 | E5: =D5*E3 -> 1212.2
A6: 2 | B6: ='1.n2'!B6 -> Штукатурка стен гипсовыми смесями с предварительной огрунтовкой СКБ / толщ. от 21 до 40 мм / высотой от 4,01 до 8 метров (Штукатурка по ж/б поверхностям) | C6: м² | D6: 1 | E6: =Спец7с3э!C16+Спец6с3э!C14+Спец5с3э!C7+Спец4с3э!C16 -> 1389.7395
A7: 2.1 | B7: Грунтовка БЕТОН-КОНТАКТ | C7: кг | D7: 0.25 | E7: =$E$6*D7 -> 347.43489
A8: 2.2 | B8: Профиль маячковый_/ПМ6 | C8: пог. м | D8: 1 | E8: =$E$6*D8 -> 1389.7395
A9: 2.3 | B9: Штукатурка гипсовая | C9: кг | D9: 1 | E9: =$E$6*D9*28.57 -> 39704.859
A10: 3 | B10: ='1.n2'!B10 -> Штукатурка стен гипсовыми смесями с предварительной огрунтовкой СКБ / толщ. от 21 до 40 мм / высотой от 4,01 до 8 метров (Штукатурка по газобетонному блоку и ПГП) | C10: м² | D10: 1 | E10: =Спец7с3э!D16+Спец6с3э!D14+Спец5с3э!D7+Спец4с3э!D16 -> 2747.8019
A11: 3.1 | B11: Штукатурка гипсовая | C11: кг | D11: 1 | E11: =$E$10*D11*32.51 -> 89331.04
A12: 3.2 | B12: Грунтовка универсальный ЛАСТИМИН_ / LP-51 А | C12: кг | D12: 0.15 | E12: =$E$10*D12 -> 412.17029
A13: 3.3 | B13: Профиль маячковый_/ПМ6 | C13: пог. м | D13: 1 | E13: =$E$10*D13 -> 2747.8019
A14: 3.4 | B14: Профиль углозащитный оцинкованный 31х31 мм 0,5 мм | C14: пог. м | D14: 1 | E14: =235.75*4 -> 943
B16: Ведомость работ и используемых материалов (Шпаклевка базовая)
A17: № п.п. | B17: Наименование | C17: Ед. изм. | D17: Коэф. расхода | E17: Объем
A18: 1 | B18: ='1.n2'!B18 -> Подготовка поверхности СКБ / стен / по штукатурке / 2мм (Шпаклевка базовая) | C18: м² | D18: 1 | E18: =E10+E6 -> 4137.5415
A19: 1.1 | B19: Грунтовка универсальный ЛАСТИМИН_ / LP-51 А | C19: кг | D19: 0.15 | E19: =$E$18*D19 -> 620.63122
A20: 1.2 | B20: Шпатлевка гипсовая_ / белая | C20: кг | D20: 1.8 | E20: =$E$18*D20 -> 7447.5746
A21: 1.3 | B21: Уголок малярный | C21: пог. м | D21: 0.3 | E21: 75.13

Sheet Спец7с3э
A1: Спецификация выполненных работ (7 секция)
A2: Штукатурка стен и базовая шпаклевка
C3: по ж/б поверхностям | D3: по газобетонному блоку и ПГП | E3: Итог
A4: № п.п. | B4: Помещения: | C4: Объем, м² | D4: Объем, м²
A5: 1 | B5: 3.005 | C5: 4.4658036 | D5: 69.887667 | E5: =C5+D5 -> 74.353471
A6: 2 | B6: 3.049 | C6: 11.9 | D6: 83.583314 | E6: =C6+D6 -> 95.483314
A7: 3 | B7: 3.050 | C7: 82.408188 | D7: 126.88863 | E7: =C7+D7 -> 209.29682
A8: 4 | B8: 3.051 | C8: 66.421028 | D8: 220.5073 | E8: =C8+D8 -> 286.92833
A9: 5 | B9: 3.053 | C9: 107.20823 | D9: 120.97256 | E9: =C9+D9 -> 228.18079
A10: 6 | B10: 3.054 | C10: 58.46 | D10: 80.532919 | E10: =C10+D10 -> 138.99292
A11: 7 | B11: 3.058 | C11: 32.5728 | D11: 101.40153 | E11: =C11+D11 -> 133.97433
A12: 8 | B12: 3.059 | C12: 12.3856 | D12: 16.096 | E12: =C12+D12 -> 28.4816
A13: 9 | B13: 3.060 | C13: 66.115608 | D13: 36.970356 | E13: =C13+D13 -> 103.08596
A14: 10 | B14: 3.061 | C14: 6.8 | D14: 47.174516 | E14: =C14+D14 -> 53.974516
A15: 11 | B15: 3.062 | C15: 13.792 | D15: 36.183082 | E15: =C15+D15 -> 49.975082
B16: сумма: | C16: =SUM(C5:C15) -> 462.52926 | D16: =SUM(D5:D15) -> 940.19788 | E16: =SUM(E5:E15) -> 1402.7271

Sheet Спец6с3э
A1: Спецификация выполненных работ (6 секция)
A2: Штукатурка стен и базовая шпаклевка
C3: по ж/б поверхностям | D3: по газобетонному блоку и ПГП | E3: Итог
A4: № п.п. | B4: Помещения: | C4: Объем, м² | D4: Объем, м²
A5: 1 | B5: 3.038 | C5: 62.964 | D5: 181.70322 | E5: =C5+D5 -> 244.66722
A6: 2 | B6: 3.039 | C6: 4.330018 | D6: 67.694471 | E6: =C6+D6 -> 72.024489
A7: 3 | B7: 3.040 | C7: 64.902809 | D7: 100.62324 | E7: =C7+D7 -> 165.52605
A8: 4 | B8: 3.041 | C8: 197.50407 | D8: 149.17203 | E8: =C8+D8 -> 346.6761
A9: 5 | B9: 3.042 | C9: 16.28 | D9: 71.948571 | E9: =C9+D9 -> 88.228571
A10: 6 | B10: 3.043 | C10: 45.676007 | D10: 49.025836 | E10: =C10+D10 -> 94.701843
A11: 7 | B11: 3.044 | C11: 3.2 | D11: 29.332 | E11: =C11+D11 -> 32.532
A12: 8 | B12: 3.045 | C12: 0 | D12: 35.0376 | E12: =C12+D12 -> 35.0376
A13: 9 | B13: 3.046 | C13: 25.696 | D13: 18.7582 | E13: =C13+D13 -> 44.4542
B14: сумма: | C14: =SUM(C5:C13) -> 420.5529 | D14: =SUM(D5:D13) -> 703.29517 | E14: =SUM(E5:E13) -> 1123.8481

Sheet Спец5с3э
A1: Спецификация выполненных работ (5 секция)
A2: Штукатурка стен и базовая шпаклевка
C3: по ж/б поверхностям | D3: по газобетонному блоку и ПГП | E3: Итог
A4: № п.п. | B4: Помещения: | C4: Объем, м² | D4: Объем, м²
A5: 1 | B5: 3.036 | C5: 19.2 | D5: 98.868098 | E5: =C5+D5 -> 118.0681
A6: 2 | B6: 3.037 | C6: 87.732304 | D6: 161.63026 | E6: =C6+D6 -> 249.36256
B7: сумма: | C7: =SUM(C5:C6) -> 106.9323 | D7: =SUM(D5:D6) -> 260.49836 | E7: =SUM(E5:E6) -> 367.43066

Sheet Спец4с3э
A1: Спецификация выполненных работ
A2: Штукатурка стен и базовая шпаклевка (4 секция)
C3: по ж/б поверхностям | D3: по газобетонному блоку и ПГП | E3: Итог
A4: № п.п. | B4: Помещения: | C4: Объем, м² | D4: Объем, м²
A5: 1 | B5: 3.027 | C5: 31.24 | D5: 108.48 | E5: =C5+D5 -> 139.72
A6: 2 | B6: 3.028 | C6: 21.409132 | D6: 85.7892 | E6: =C6+D6 -> 107.19833
A7: 3 | B7: 3.030 | C7: 47.185616 | D7: 70.117448 | E7: =C7+D7 -> 117.30306
A8: 4 | B8: 3.066 | C8: 66.7 | D8: 262.95395 | E8: =C8+D8 -> 329.65395
A9: 5 | B9: 3.031 | C9: 74.4 | D9: 36.715818 | E9: =C9+D9 -> 111.11582
A10: 6 | B10: 3.057 | C10: 7.82 | D10: 31.3776 | E10: =C10+D10 -> 39.1976
A11: 7 | B11: 3.055 | C11: 1.2003268 | D11: 60.3122 | E11: =C11+D11 -> 61.512527
A12: 8 | B12: 3.064 | C12: 0 | D12: 63.1621 | E12: =C12+D12 -> 63.1621
A13: 9 | B13: 3.033 | C13: 25.72 | D13: 17.78 | E13: =C13+D13 -> 43.5
A14: 10 | B14: 3.035 | C14: 48.6 | D14: 67.626361 | E14: =C14+D14 -> 116.22636
A15: 11 | B15: 3.032 | C15: 75.45 | D15: 39.495818 | E15: =C15+D15 -> 114.94582
B16: сумма: | C16: =SUM(C5:C15) -> 399.72507 | D16: =SUM(D5:D15) -> 843.8105 | E16: =SUM(E5:E15) -> 1243.5356

Sheet Лист2
A1: 2001 | B1: 72.7 | C1: 52.5
A2: 2002 | B2: 53.1 | C2: 62.4
A3: 2003 | B3: 144.8 | C3: 171.6
A4: 2004 | B4: 44.3 | C4: 70.9
A5: 2005 | B5: 23.9 | C5: 40.5
A6: 2006 | B6: 20.4 | C6: 45.8
A7: 2007 | B7: 27.9 | C7: 137
A8: 2008 | B8: 101.7 | C8: 0
A9: 2009 | B9: 35.9 | C9: 13.1
A10: 2010 | B10: 10.8 | C10: 80
A11: 2011 | B11: 0 | C11: 33
A12: 2012 | B12: 25.9 | C12: 90.2
... A71: 2071 | B71: 57.7 | C71: 189.7

Sheet 6.n3э
B1: Ведомость работ и используемых материалов (Штукатурка)
A2: № п.п. | B2: Наименование | C2: Ед. изм. | D2: Коэф. расхода | E2: Объем
A3: 1 | B3: Оклейка швов сопряжения бетонных и других поверхностей стен, перегородок (газобетон, ПГП, панели АКОТЕК и др.) стеклохолстом | C3: пог. м | D3: 1 | E3: =(E6+E10+E15+E20)*0.45 -> 852.66
A4: 1.2 | B4: Штукатурка гипсовая | C4: кг | D4: 0.1 | E4: =D4*E3 -> 85.266
A5: 1.3 | B5: Лента армирующая ( серпянка)_/150мм | C5: пог. м | D5: 1.1 | E5: =D5*E3 -> 937.926
A6: 2 | B6: ='1.n2'!B6 -> Штукатурка стен гипсовыми смесями с предварительной огрунтовкой СКБ / толщ. от 21 до 40 мм / высотой от 4,01 до 8 метров (Штукатурка по ж/б поверхностям) | C6: м² | D6: 1 | E6: ='6n;п.'!C16 -> 719.9
A7: 2.1 | B7: Грунтовка БЕТОН-КОНТАКТ | C7: кг | D7: 0.25 | E7: =$E$6*D7 -> 179.975
A8: 2.2 | B8: Профиль маячковый_/ПМ6 | C8: пог. м | D8: 1 | E8: =$E$6*D8 -> 719.9
A9: 2.3 | B9: Штукатурка гипсовая | C9: кг | D9: 1 | E9: =$E$6*D9*28.57 -> 20567.543
A10: 3 | B10: ='1.n2'!B10 -> Штукатурка стен гипсовыми смесями с предварительной огрунтовкой СКБ / толщ. от 21 до 40 мм / высотой от 4,01 до 8 метров (Штукатурка по газобетонному блоку и ПГП) | C10: м² | D10: 1 | E10: ='6n;п.'!D16 -> 918.5
A11: 3.1 | B11: Штукатурка гипсовая | C11: кг | D11: 1 | E11: =$E$10*D11*32.51 -> 29860.435
A12: 3.2 | B12: Грунтовка универсальный ЛАСТИМИН_ / LP-51 А | C12: кг | D12: 0.15 | E12: =$E$10*D12 -> 137.775
A13: 3.3 | B13: Профиль маячковый_/ПМ6 | C13: пог. м | D13: 1 | E13: =$E$10*D13 -> 918.5
A14: 3.4 | B14: Профиль углозащитный оцинкованный 31х31 мм 0,5 мм | C14: пог. м | D14: 1 | E14: =35.75*4 -> 143
A15: 4 | B15: Штукатурка стен цементным, цементно-песчаным раствором с предварительной огрунтовкой / толщ. от 21 до 40 мм / высотой до 4 метров (Штукатурка по ж/б поверхностям) | C15: м2 | D15: 1 | E15: ='6n;п.'!C27 -> 62.5
A16: 4.1 | B16: Грунтовка БЕТОН-КОНТАКТ_/ | C16: кг | D16: 0.25 | E16: =D16*$E$15 -> 15.625
A17: 4.2 | B17: Профиль маячковый_/ПМ6 | C17: пог. м | D17: 1 | E17: =D17*$E$15 -> 62.5
A18: 4.3 | B18: Сетка штукатурная_/пластиковая/5*5 | C18: м2 | D18: 1.1 | E18: =D18*$E$15 -> 68.75
A19: 4.4 | B19: Штукатурка цементная | C19: кг | D19: 1.3 | E19: =D19*$E$15*40 -> 3250
A20: 5 | B20: Штукатурка стен цементным, цементно-песчаным раствором с предварительной огрунтовкой / толщ. от 21 до 40 мм / высотой до 4 метров (Штукатурка по газобетонному блоку и ПГП) | C20: м2 | D20: 1 | E20: ='6n;п.'!D27 -> 193.9
A21: 5.1 | B21: Грунтовка универсальный ЛАСТИМИН_ / LP-51 А | C21: кг | D21: 0.15 | E21: =$E$20*D21 -> 29.085
A22: 5.2 | B22: Профиль маячковый_/ПМ6 | C22: пог. м | D22: 1 | E22: =$E$20*D22 -> 193.9
A23: 5.3 | B23: Сетка штукатурная_/пластиковая/5*5 | C23: м2 | D23: 1.1 | E23: =$E$20*D23 -> 213.29
A24: 5.4 | B24: Штукатурка цементная | C24: кг | D24: 1.3 | E24: =$E$20*D24*40 -> 10082.8
B26: Ведомость работ и используемых материалов (Шпаклевка базовая)
A27: № п.п. | B27: Наименование | C27: Ед. изм. | D27: Коэф. расхода | E27: Объем
A28: 1 | B28: ='1.n2'!B18 -> Подготовка поверхности СКБ / стен / по штукатурке / 2мм (Шпаклевка базовая) | C28: м² | D28: 1 | E28: ='6n;п.'!E16 -> 1638.4
A29: 1.1 | B29: Грунтовка универсальный ЛАСТИМИН_ / LP-51 А | C29: кг | D29: 0.15 | E29: =D29*E28 -> 245.76
A30: 1.2 | B30: Шпатлевка гипсовая_ / белая | C30: кг | D30: 1.8 | E30: =D30*E29 -> 442.368
A31: 1.3 | B31: Уголок малярный | C31: пог. м | D31: 0.3 | E31: =D31*E30 -> 132.7104

Sheet 6n;п.
A1: Спецификация выполненных работ
A2: Штукатурка стен и базовая шпаклевка
C3: по ж/б поверхностям | D3: по газобетонному блоку и ПГП | E3: Итог
A4: № п.п. | B4: Помещения: | C4: Объем, м² | D4: Объем, м²
A5: 1 | B5: 3.001 | C5: 67.6 | D5: 55.5 | E5: 123.1
A6: 2 | B6: 3.002 | C6: 50.1 | D6: 58.2 | E6: 108.3
A7: 3 | B7: 3.003 | C7: 62.4 | D7: 71.9 | E7: 134.3
A8: 4 | B8: 3.004 | C8: 185.1 | D8: 162.9 | E8: 348
A9: 5 | B9: 3.007 | C9: 20.8 | D9: 11.3 | E9: 32.1
A10: 6 | B10: 3.01 | C10: 38.9 | D10: 115.1 | E10: 154
A11: 7 | B11: 3.011 | C11: 37.7 | D11: 97.6 | E11: 135.3
A12: 8 | B12: 3.012 | C12: 149.8 | D12: 189.5 | E12: 339.3
A13: 9 | B13: 3.013 | C13: 30.5 | D13: 79.3 | E13: 109.8
A14: 10 | B14: 3.014 | C14: 50 | D14: 57.7 | E14: 107.7
A15: 11 | B15: 3.067 | C15: 27 | D15: 19.5 | E15: 46.5
B16: Сумма | C16: =SUM(C5:C15) -> 719.9 | D16: =SUM(D5:D15) -> 918.5 | E16: =SUM(E5:E15) -> 1638.4
A18: Спецификация выполненных работ
A19: Штукатурка стен (штук. цементная)
C20: по ж/б поверхностям | D20: по газобетонному блоку и ПГП | E20: Итог
A21: № п.п. | B21: Помещения: | C21: Объем, м² | D21: Объем, м²
A22: 2 | B22: 3.009 | C22: 10.1 | D22: 77 | E22: 87.1
A23: 3 | B23: 3.015 | C23: 21.3 | D23: 48.3 | E23: 69.6
A24: 4 | B24: 3.017 | C24: 18.1 | D24: 24.7 | E24: 42.8
A25: 5 | B25: 3.018 | C25: 7.1 | D25: 22.4 | E25: 29.5
A26: 6 | B26: 3.029 | C26: 5.9 | D26: 21.5 | E26: 27.4
B27: Сумма | C27: =SUM(C21:C26) -> 62.5 | D27: =SUM(D21:D26) -> 193.9 | E27: =SUM(E21:E26) -> 256.4

Sheet 7.n2
B1: Ведомость работ и используемых материалов (Штукатурка)
A2: № п.п. | B2: Наименование | C2: Ед. изм. | D2: Коэф. расхода | E2: Объем
A3: 1 | B3: Оклейка швов сопряжения бетонных и других поверхностей стен, перегородок (газобетон, ПГП, панели АКОТЕК и др.) стеклохолстом | C3: пог. м | D3: 1 | E3: =(E6+E10+E15+E20)*0.45 -> 969.075
A4: 1.2 | B4: Штукатурка гипсовая | C4: кг | D4: 0.1 | E4: =D4*E3 -> 96.9075
A5: 1.3 | B5: Лента армирующая ( серпянка)_/150мм | C5: пог. м | D5: 1.1 | E5: =D5*E3 -> 1065.9825
A6: 2 | B6: ='1.n2'!B6 -> Штукатурка стен гипсовыми смесями с предварительной огрунтовкой СКБ / толщ. от 21 до 40 мм / высотой от 4,01 до 8 метров (Штукатурка по ж/б поверхностям) | C6: м² | D6: 1 | E6: ='7n;п.'!C20 -> 724.4
A7: 2.1 | B7: Грунтовка БЕТОН-КОНТАКТ | C7: кг | D7: 0.25 | E7: =$E$6*D7 -> 181.1
A8: 2.2 | B8: Профиль маячковый_/ПМ6 | C8: пог. м | D8: 1 | E8: =$E$6*D8 -> 724.4
A9: 2.3 | B9: Штукатурка гипсовая | C9: кг | D9: 1 | E9: =$E$6*D9*28.57 -> 20696.108
A10: 3 | B10: ='1.n2'!B10 -> Штукатурка стен гипсовыми смесями с предварительной огрунтовкой СКБ / толщ. от 21 до 40 мм / высотой от 4,01 до 8 метров (Штукатурка по газобетонному блоку и ПГП) | C10: м² | D10: 1 | E10: ='7n;п.'!D20 -> 1148.5
A11: 3.1 | B11: Штукатурка гипсовая | C11: кг | D11: 1 | E11: =$E$10*D11*32.51 -> 37337.735
A12: 3.2 | B12: Грунтовка универсальный ЛАСТИМИН_ / LP-51 А | C12: кг | D12: 0.15 | E12: =$E$10*D12 -> 172.275
A13: 3.3 | B13: Профиль маячковый_/ПМ6 | C13: пог. м | D13: 1 | E13: =$E$10*D13 -> 1148.5
A14: 3.4 | B14: Профиль углозащитный оцинкованный 31х31 мм 0,5 мм | C14: пог. м | D14: 1 | E14: =75.75*4 -> 303
A15: 4 | B15: Штукатурка стен цементным, цементно-песчаным раствором с предварительной огрунтовкой / толщ. от 21 до 40 мм / высотой до 4 метров (Штукатурка по ж/б поверхностям) | C15: м2 | D15: 1 | E15: ='7n;п.'!C32 -> 59
A16: 4.1 | B16: Грунтовка БЕТОН-КОНТАКТ_/ | C16: кг | D16: 0.25 | E16: =D16*$E$15 -> 14.75
A17: 4.2 | B17: Профиль маячковый_/ПМ6 | C17: пог. м | D17: 1 | E17: =D17*$E$15 -> 59
A18: 4.3 | B18: Сетка штукатурная_/пластиковая/5*5 | C18: м2 | D18: 1.1 | E18: =D18*$E$15 -> 64.9
A19: 4.4 | B19: Штукатурка цементная | C19: кг | D19: 1.3 | E19: =D19*$E$15*40 -> 3068
A20: 5 | B20: Штукатурка стен цементным, цементно-песчаным раствором с предварительной огрунтовкой / толщ. от 21 до 40 мм / высотой до 4 метров (Штукатурка по газобетонному блоку и ПГП) | C20: м2 | D20: 1 | E20: ='7n;п.'!D32 -> 221.6
A21: 5.1 | B21: Грунтовка универсальный ЛАСТИМИН_ / LP-51 А | C21: кг | D21: 0.15 | E21: =$E$20*D21 -> 33.24
A22: 5.2 | B22: Профиль маячковый_/ПМ6 | C22: пог. м | D22: 1 | E22: =$E$20*D22 -> 221.6
A23: 5.3 | B23: Сетка штукатурная_/пластиковая/5*5 | C23: м2 | D23: 1.1 | E23: =$E$20*D23 -> 243.76
A24: 5.4 | B24: Штукатурка цементная | C24: кг | D24: 1.3 | E24: =$E$20*D24*40 -> 11523.2
B26: Ведомость работ и используемых материалов (Шпаклевка базовая)
A27: № п.п. | B27: Наименование | C27: Ед. изм. | D27: Коэф. расхода | E27: Объем
A28: 1 | B28: ='1.n2'!B18 -> Подготовка поверхности СКБ / стен / по штукатурке / 2мм (Шпаклевка базовая) | C28: м² | D28: 1 | E28: ='7n;п.'!E20 -> 1872.9
A29: 1.1 | B29: Грунтовка универсальный ЛАСТИМИН_ / LP-51 А | C29: кг | D29: 0.15 | E29: =D29*E28 -> 280.935
A30: 1.2 | B30: Шпатлевка гипсовая_ / белая | C30: кг | D30: 1.8 | E30: =D30*E29 -> 505.683
A31: 1.3 | B31: Уголок малярный | C31: пог. м | D31: 0.3 | E31: =D31*E30 -> 151.7049

Sheet 7n;п.
A1: Спецификация выполненных работ
A2: Штукатурка стен и базовая шпаклевка
C3: по ж/б поверхностям | D3: по газобетонному блоку и ПГП | E3: Итог
A4: № п.п. | B4: Помещения: | C4: Объем, м² | D4: Объем, м²
A5: 1 | B5: 2.001 | C5: 67.9 | D5: 48.5 | E5: =C5+D5 -> 116.4
A6: 2 | B6: 2.002 | C6: 47.5 | D6: 60.4 | E6: =C6+D6 -> 107.9
A7: 3 | B7: 2.003 | C7: 140.3 | D7: 170.6 | E7: =C7+D7 -> 310.9
A8: 4 | B8: 2.004 | C8: 38.6 | D8: 64.9 | E8: =C8+D8 -> 103.5
A9: 5 | B9: 2.005 | C9: 19.5 | D9: 35.5 | E9: =C9+D9 -> 55
A10: 6 | B10: 2.007 | C10: 22.3 | D10: 134 | E10: =C10+D10 -> 156.3
A11: 7 | B11: 2.009 | C11: 30 | D11: 10.1 | E11: =C11+D11 -> 40.1
A12: 8 | B12: 2.011 | C12: 0 | D12: 28 | E12: =C12+D12 -> 28
A13: 9 | B13: 2.012 | C13: 21.3 | D13: 84.2 | E13: =C13+D13 -> 105.5
A14: 10 | B14: 2.013 | C14: 22.8 | D14: 85.8 | E14: =C14+D14 -> 108.6
A15: 11 | B15: 2.014 | C15: 35.7 | D15: 75.5 | E15: =C15+D15 -> 111.2
A16: 12 | B16: 2.015 | C16: 30.7 | D16: 83.9 | E16: =C16+D16 -> 114.6
... A19: 15 | B19: 2.07 | C19: 29.3 | D19: 19.4 | E19: =C19+D19 -> 48.7
B20: Сумма | C20: =SUM(C5:C19) -> 724.4 | D20: =SUM(D5:D19) -> 1148.5 | E20: =SUM(E5:E19) -> 1872.9
A22: Спецификация выполненных работ
A23: Штукатурка стен (штук. цементная)
C24: по ж/б поверхностям | D24: по газобетонному блоку и ПГП | E24: Итог
A25: № п.п. | B25: Помещения: | C25: Объем, м² | D25: Объем, м²
A26: 1 | B26: 2.01 | C26: 10.2 | D26: 79.5 | E26: =C26+D26 -> 89.7
A27: 2 | B27: 2.011 | C27: 0 | D27: 32.4 | E27: =C27+D27 -> 32.4
A28: 3 | B28: 2.018 | C28: 25.8 | D28: 51.9 | E28: =C28+D28 -> 77.7
A29: 4 | B29: 2.02 | C29: 16.1 | D29: 32.4 | E29: =C29+D29 -> 48.5
A30: 5 | B30: 2.021 | C30: 6.9 | D30: 25.4 | E30: =C30+D30 -> 32.3
A31: 6 | B31: 2.059 | C31: 7.9 | D31: 23.1 | E31: =C31+D31 -> 31
B32: Сумма | C32: =SUM(C25:C30) -> 59 | D32: =SUM(D25:D30) -> 221.6 | E32: =SUM(E25:E30) -> 280.6

Sheet 2расчет
K14: швы | L14: ='7.n2'!E3+'6.n3э'!E3 -> 1821.735
K15: штук жб | L15: ='7.n2'!E6+'6.n3э'!E6 -> 1444.3
L16: ='7.n2'!E10+'6.n3э'!E10 -> 2067

Sheet 8.n2
B1: Ведомость работ и используемых материалов (Штукатурка)
A2: № п.п. | B2: Наименование | C2: Ед. изм. | D2: Коэф. расхода | E2: Объем
A3: 1 | B3: Оклейка швов сопряжения бетонных и других поверхностей стен, перегородок (газобетон, ПГП, панели АКОТЕК и др.) стеклохолстом | C3: пог. м | D3: 1 | E3: =(E6+E10)*0.45 -> 239.76
A4: 1.2 | B4: Штукатурка гипсовая | C4: кг | D4: 0.1 | E4: =D4*E3 -> 23.976
A5: 1.3 | B5: Лента армирующая ( серпянка)_/150мм | C5: пог. м | D5: 1.1 | E5: =D5*E3 -> 263.736
A6: 2 | B6: ='1.n2'!B6 -> Штукатурка стен гипсовыми смесями с предварительной огрунтовкой СКБ / толщ. от 21 до 40 мм / высотой от 4,01 до 8 метров (Штукатурка по ж/б поверхностям) | C6: м² | D6: 1 | E6: =301.6-9.4 -> 292.2
A7: 2.1 | B7: Грунтовка БЕТОН-КОНТАКТ | C7: кг | D7: 0.25 | E7: =$E$6*D7 -> 73.05
A8: 2.2 | B8: Профиль маячковый_/ПМ6 | C8: пог. м | D8: 1 | E8: =$E$6*D8 -> 292.2
A9: 2.3 | B9: Штукатурка гипсовая | C9: кг | D9: 1 | E9: =$E$6*D9*28.57 -> 8348.154
A10: 3 | B10: ='1.n2'!B10 -> Штукатурка стен гипсовыми смесями с предварительной огрунтовкой СКБ / толщ. от 21 до 40 мм / высотой от 4,01 до 8 метров (Штукатурка по газобетонному блоку и ПГП) | C10: м² | D10: 1 | E10: =252.9-12.3 -> 240.6
A11: 3.1 | B11: Штукатурка гипсовая | C11: кг | D11: 1 | E11: =$E$10*D11*32.51 -> 7821.906
A12: 3.2 | B12: Грунтовка универсальный ЛАСТИМИН_ / LP-51 А | C12: кг | D12: 0.15 | E12: =$E$10*D12 -> 36.09
A13: 3.3 | B13: Профиль маячковый_/ПМ6 | C13: пог. м | D13: 1 | E13: =$E$10*D13 -> 240.6
A14: 3.4 | B14: Профиль углозащитный оцинкованный 31х31 мм 0,5 мм | C14: пог. м | D14: 1 | E14: =32*8.25 -> 264
B16: Ведомость работ и используемых материалов (Шпаклевка базовая)
A17: № п.п. | B17: Наименование | C17: Ед. изм. | D17: Коэф. расхода | E17: Объем
A18: 1 | B18: ='1.n2'!B18 -> Подготовка поверхности СКБ / стен / по штукатурке / 2мм (Шпаклевка базовая) | C18: м² | D18: 1 | E18: =E10+E6 -> 532.8
A19: 1.1 | B19: Грунтовка универсальный ЛАСТИМИН_ / LP-51 А | C19: кг | D19: 0.15 | E19: =D19*E18 -> 79.92
A20: 1.2 | B20: Шпатлевка гипсовая_ / белая | C20: кг | D20: 1.8 | E20: =D20*E19 -> 143.856
A21: 1.3 | B21: Уголок малярный | C21: пог. м | D21: 0.3 | E21: =D21*E20 -> 43.1568
B29: 2

Sheet 9.n2
B1: Ведомость работ и используемых материалов (Штукатурка)
A2: № п.п. | B2: Наименование | C2: Ед. изм. | D2: Коэф. расхода | E2: Объем
A3: 1 | B3: Оклейка швов сопряжения бетонных и других поверхностей стен, перегородок (газобетон, ПГП, панели АКОТЕК и др.) стеклохолстом | C3: пог. м | D3: 1 | E3: =(170.6) -> 170.6
A4: 1.2 | B4: Штукатурка гипсовая | C4: кг | D4: 0.1 | E4: =D4*E3 -> 17.06
A5: 1.3 | B5: Лента армирующая ( серпянка)_/150мм | C5: пог. м | D5: 1.1 | E5: =D5*E3 -> 187.66
A6: 2 | B6: ='1.n2'!B6 -> Штукатурка стен гипсовыми смесями с предварительной огрунтовкой СКБ / толщ. от 21 до 40 мм / высотой от 4,01 до 8 метров (Штукатурка по ж/б поверхностям) | C6: м² | D6: 1 | E6: ='9.n;п.'!C14 -> 342.4
A7: 2.1 | B7: Грунтовка БЕТОН-КОНТАКТ | C7: кг | D7: 0.25 | E7: =$E$6*D7 -> 85.6
A8: 2.2 | B8: Профиль маячковый_/ПМ6 | C8: пог. м | D8: 1 | E8: =$E$6*D8 -> 342.4
A9: 2.3 | B9: Штукатурка гипсовая | C9: кг | D9: 1 | E9: =$E$6*D9*28.57 -> 9782.368
A10: 3 | B10: ='1.n2'!B10 -> Штукатурка стен гипсовыми смесями с предварительной огрунтовкой СКБ / толщ. от 21 до 40 мм / высотой от 4,01 до 8 метров (Штукатурка по газобетонному блоку и ПГП) | C10: м² | D10: 1 | E10: ='9.n;п.'!D14 -> 804.7
A11: 3.1 | B11: Штукатурка гипсовая | C11: кг | D11: 1 | E11: =$E$10*D11*32.51 -> 26160.797
A12: 3.2 | B12: Грунтовка универсальный ЛАСТИМИН_ / LP-51 А | C12: кг | D12: 0.15 | E12: =$E$10*D12 -> 120.705
A13: 3.3 | B13: Профиль маячковый_/ПМ6 | C13: пог. м | D13: 1 | E13: =$E$10*D13 -> 804.7
A14: 3.4 | B14: Профиль углозащитный оцинкованный 31х31 мм 0,5 мм | C14: пог. м | D14: 1 | E14: =75.75*4 -> 303
A15: 4 | B15: Штукатурка стен цементным, цементно-песчаным раствором с предварительной огрунтовкой / толщ. от 21 до 40 мм / высотой до 4 метров (Штукатурка по ж/б поверхностям) | C15: м2 | D15: 1 | E15: ='9.n;п.'!C25 -> 28
A16: 4.1 | B16: Грунтовка БЕТОН-КОНТАКТ_/ | C16: кг | D16: 0.25 | E16: =D16*$E$15 -> 7
A17: 4.2 | B17: Профиль маячковый_/ПМ6 | C17: пог. м | D17: 1 | E17: =D17*$E$15 -> 28
A18: 4.3 | B18: Сетка штукатурная_/пластиковая/5*5 | C18: м2 | D18: 1.1 | E18: =D18*$E$15 -> 30.8
A19: 4.4 | B19: Штукатурка цементная | C19: кг | D19: 1.3 | E19: =D19*$E$15*40 -> 1456
A20: 5 | B20: Штукатурка стен цементным, цементно-песчаным раствором с предварительной огрунтовкой / толщ. от 21 до 40 мм / высотой до 4 метров (Штукатурка по газобетонному блоку и ПГП) | C20: м2 | D20: 1 | E20: ='9.n;п.'!D25 -> 272.4
A21: 5.1 | B21: Грунтовка универсальный ЛАСТИМИН_ / LP-51 А | C21: кг | D21: 0.15 | E21: =$E$20*D21 -> 40.86
A22: 5.2 | B22: Профиль маячковый_/ПМ6 | C22: пог. м | D22: 1 | E22: =$E$20*D22 -> 272.4
A23: 5.3 | B23: Сетка штукатурная_/пластиковая/5*5 | C23: м2 | D23: 1.1 | E23: =$E$20*D23 -> 299.64
A24: 5.4 | B24: Штукатурка цементная | C24: кг | D24: 1.3 | E24: =$E$20*D24*40 -> 14164.8
B26: Ведомость работ и используемых материалов (Шпаклевка базовая)
A27: № п.п. | B27: Наименование | C27: Ед. изм. | D27: Коэф. расхода | E27: Объем
A28: 1 | B28: ='1.n2'!B18 -> Подготовка поверхности СКБ / стен / по штукатурке / 2мм (Шпаклевка базовая) | C28: м² | D28: 1 | E28: ='9.n;п.'!E14 -> 1147.1
A29: 1.1 | B29: Грунтовка универсальный ЛАСТИМИН_ / LP-51 А | C29: кг | D29: 0.15 | E29: =D29*E28 -> 172.065
A30: 1.2 | B30: Шпатлевка гипсовая_ / белая | C30: кг | D30: 1.8 | E30: =D30*E29 -> 309.717
A31: 1.3 | B31: Уголок малярный | C31: пог. м | D31: 0.3 | E31: =D31*E30 -> 92.9151

Sheet 9.n;п.
A1: Спецификация выполненных работ
A2: Штукатурка стен и базовая шпаклевка
C3: по ж/б поверхностям | D3: по газобетонному блоку и ПГП | E3: Итог
A4: № п.п. | B4: Помещения: | C4: Объем, м² | D4: Объем, м² | E4: Объем, м²
A5: 1 | B5: 2022 | C5: 192.3 | D5: 324.2 | E5: =SUM(C5:D5) -> 516.5
A6: 2 | B6: 2025 | C6: 33.1 | D6: 49.3 | E6: =SUM(C6:D6) -> 82.4
A7: 3 | B7: 2030 | C7: 11.6 | D7: 68.4 | E7: =SUM(C7:D7) -> 80
A8: 4 | B8: 2032 | C8: 5.1 | D8: 65.7 | E8: =SUM(C8:D8) -> 70.8
A9: 5 | B9: 2034 | C9: 0 | D9: 41.7 | E9: =SUM(C9:D9) -> 41.7
A10: 6 | B10: 2035 | C10: 3.1 | D10: 34.8 | E10: =SUM(C10:D10) -> 37.9
A11: 7 | B11: 2065 | C11: 1.6 | D11: 26.4 | E11: =SUM(C11:D11) -> 28
A12: 8 | B12: 2067 | C12: 56.5 | D12: 176.9 | E12: =SUM(C12:D12) -> 233.4
A13: 9 | B13: 2068 | C13: 39.1 | D13: 17.3 | E13: =SUM(C13:D13) -> 56.4
B14: Сумма | C14: =SUM(C5:C13) -> 342.4 | D14: =SUM(D5:D13) -> 804.7 | E14: =SUM(E5:E13) -> 1147.1
A16: Спецификация выполненных работ
A17: Штукатурка стен (штук. цементная)
C18: по ж/б поверхностям | D18: по газобетонному блоку и ПГП | E18: Итог
A19: № п.п. | B19: Помещения: | C19: Объем, м² | D19: Объем, м² | E19: Объем, м²
A20: 1 | B20: 2026 | C20: 3.6 | D20: 55.2 | E20: =SUM(C20:D20) -> 58.8
A21: 2 | B21: 2027 | C21: 9.5 | D21: 36.3 | E21: =SUM(C21:D21) -> 45.8
A22: 3 | B22: 2028 | C22: 5.3 | D22: 75.7 | E22: =SUM(C22:D22) -> 81
A23: 4 | B23: 2029 | C23: 3.4 | D23: 38.3 | E23: =SUM(C23:D23) -> 41.7
A24: 5 | B24: 2031 | C24: 6.2 | D24: 66.9 | E24: =SUM(C24:D24) -> 73.1
B25: Сумма | C25: =SUM(C19:C24) -> 28 | D25: =SUM(D19:D24) -> 272.4 | E25: =SUM(E19:E24) -> 300.4

Sheet 10.n3
B1: Ведомость работ и используемых материалов (Штукатурка)
A2: № п.п. | B2: Наименование | C2: Ед. изм. | D2: Коэф. расхода | E2: Объем
A3: 1 | B3: Оклейка швов сопряжения бетонных и других поверхностей стен, перегородок (газобетон, ПГП, панели АКОТЕК и др.) стеклохолстом | C3: пог. м | D3: 1 | E3: =194.7 -> 194.7
A4: 1.2 | B4: Штукатурка гипсовая | C4: кг | D4: 0.1 | E4: =D4*E3 -> 19.47
A5: 1.3 | B5: Лента армирующая ( серпянка)_/150мм | C5: пог. м | D5: 1.1 | E5: =D5*E3 -> 214.17
A6: 2 | B6: ='1.n2'!B6 -> Штукатурка стен гипсовыми смесями с предварительной огрунтовкой СКБ / толщ. от 21 до 40 мм / высотой от 4,01 до 8 метров (Штукатурка по ж/б поверхностям) | C6: м² | D6: 1 | E6: ='10.n;п.'!C12 -> 273.8
A7: 2.1 | B7: Грунтовка БЕТОН-КОНТАКТ | C7: кг | D7: 0.25 | E7: =$E$6*D7 -> 68.45
A8: 2.2 | B8: Профиль маячковый_/ПМ6 | C8: пог. м | D8: 1 | E8: =$E$6*D8 -> 273.8
A9: 2.3 | B9: Штукатурка гипсовая | C9: кг | D9: 1 | E9: =$E$6*D9*28.57 -> 7822.466
A10: 3 | B10: ='1.n2'!B10 -> Штукатурка стен гипсовыми смесями с предварительной огрунтовкой СКБ / толщ. от 21 до 40 мм / высотой от 4,01 до 8 метров (Штукатурка по газобетонному блоку и ПГП) | C10: м² | D10: 1 | E10: ='10.n;п.'!D12 -> 954.3
A11: 3.1 | B11: Штукатурка гипсовая | C11: кг | D11: 1 | E11: =$E$10*D11*32.51 -> 31024.293
A12: 3.2 | B12: Грунтовка универсальный ЛАСТИМИН_ / LP-51 А | C12: кг | D12: 0.15 | E12: =$E$10*D12 -> 143.145
A13: 3.3 | B13: Профиль маячковый_/ПМ6 | C13: пог. м | D13: 1 | E13: =$E$10*D13 -> 954.3
A14: 3.4 | B14: Профиль углозащитный оцинкованный 31х31 мм 0,5 мм | C14: пог. м | D14: 1 | E14: =75.75*4 -> 303
A15: 4 | B15: Штукатурка стен цементным, цементно-песчаным раствором с предварительной огрунтовкой / толщ. от 21 до 40 мм / высотой до 4 метров (Штукатурка по ж/б поверхностям) | C15: м2 | D15: 1 | E15: ='10.n;п.'!C19 -> 2.9
A16: 4.1 | B16: Грунтовка БЕТОН-КОНТАКТ_/ | C16: кг | D16: 0.25 | E16: =D16*$E$15 -> 0.725
A17: 4.2 | B17: Профиль маячковый_/ПМ6 | C17: пог. м | D17: 1 | E17: =D17*$E$15 -> 2.9
A18: 4.3 | B18: Сетка штукатурная_/пластиковая/5*5 | C18: м2 | D18: 1.1 | E18: =D18*$E$15 -> 3.19
A19: 4.4 | B19: Штукатурка цементная | C19: кг | D19: 1.3 | E19: =D19*$E$15*40 -> 150.8
A20: 5 | B20: Штукатурка стен цементным, цементно-песчаным раствором с предварительной огрунтовкой / толщ. от 21 до 40 мм / высотой до 4 метров (Штукатурка по газобетонному блоку и ПГП) | C20: м2 | D20: 1 | E20: ='10.n;п.'!D19 -> 37.4
A21: 5.1 | B21: Грунтовка универсальный ЛАСТИМИН_ / LP-51 А | C21: кг | D21: 0.15 | E21: =$E$20*D21 -> 5.61
A22: 5.2 | B22: Профиль маячковый_/ПМ6 | C22: пог. м | D22: 1 | E22: =$E$20*D22 -> 37.4
A23: 5.3 | B23: Сетка штукатурная_/пластиковая/5*5 | C23: м2 | D23: 1.1 | E23: =$E$20*D23 -> 41.14
A24: 5.4 | B24: Штукатурка цементная | C24: кг | D24: 1.3 | E24: =$E$20*D24*40 -> 1944.8
B26: Ведомость работ и используемых материалов (Шпаклевка базовая)
A27: № п.п. | B27: Наименование | C27: Ед. изм. | D27: Коэф. расхода | E27: Объем
A28: 1 | B28: ='1.n2'!B18 -> Подготовка поверхности СКБ / стен / по штукатурке / 2мм (Шпаклевка базовая) | C28: м² | D28: 1 | E28: ='10.n;п.'!E12 -> 1228.1
A29: 1.1 | B29: Грунтовка универсальный ЛАСТИМИН_ / LP-51 А | C29: кг | D29: 0.15 | E29: =D29*E28 -> 184.215
A30: 1.2 | B30: Шпатлевка гипсовая_ / белая | C30: кг | D30: 1.8 | E30: =D30*E29 -> 331.587
A31: 1.3 | B31: Уголок малярный | C31: пог. м | D31: 0.3 | E31: =D31*E30 -> 99.4761

Sheet 10.n;п.
A1: Спецификация выполненных работ
A2: Штукатурка стен и базовая шпаклевка
C3: по ж/б поверхностям | D3: по газобетонному блоку и ПГП | E3: Итог
A4: № п.п. | B4: Помещения: | C4: Объем, м² | D4: Объем, м² | E4: Объем, м²
A5: 1 | B5: 3019 | C5: 38.1 | D5: 255.3 | E5: =SUM(C5:D5) -> 293.4
A6: 2 | B6: 3021 | C6: 15.7 | D6: 61.7 | E6: =SUM(C6:D6) -> 77.4
A7: 3 | B7: 3022 | C7: 52.8 | D7: 78.4 | E7: =SUM(C7:D7) -> 131.2
A8: 4 | B8: 3023 | C8: 79.7 | D8: 267.3 | E8: =SUM(C8:D8) -> 347
A9: 5 | B9: 3025 | C9: 0 | D9: 42.2 | E9: =SUM(C9:D9) -> 42.2
A10: 6 | B10: 3048 | C10: 36.2 | D10: 131.5 | E10: =SUM(C10:D10) -> 167.7
A11: 7 | B11: 3063 | C11: 51.3 | D11: 117.9 | E11: =SUM(C11:D11) -> 169.2
B12: Сумма | C12: =SUM(C5:C11) -> 273.8 | D12: =SUM(D5:D11) -> 954.3 | E12: =SUM(E5:E11) -> 1228.1
A14: Спецификация выполненных работ
A15: Штукатурка стен (штук. цементная)
C16: по ж/б поверхностям | D16: по газобетонному блоку и ПГП | E16: Итог
A17: № п.п. | B17: Помещения: | C17: Объем, м² | D17: Объем, м² | E17: Объем, м²
A18: 1 | B18: 3026 | C18: 2.9 | D18: 37.4 | E18: =SUM(C18:D18) -> 40.3
B19: Сумма | C19: =SUM(C17:C18) -> 2.9 | D19: =SUM(D17:D18) -> 37.4 | E19: =SUM(E17:E18) -> 40.3

Sheet Лист1
A1: Номер п/п | B1: Код узла ИСР | C1: Наименование затрат | D1: Комментарий по ИСР | E1: Комментарий подрядчика | F1: Ед. изм. | G1: Коэф.расхода | H1: Общее кол-во | I1: Осталось закрыть | J1: Сумма | K1: 1.n | L1: 2.n | M1: 3.n | N1: 4.n | O1: 5.n | P1: 6.n | Q1: 7.n | R1: 8.n | S1: 9.n | T1: 10.n | U1: 11.n | V1: 12.n | Y1: 7 | Z1: 6 | AA1: 5 | AB1: 4 | AC1: 3 | AD1: 2 | AE1: 1
A2: 1.1.1.1.1.2 | B2: 6.3.1.5.2 | C2: Стены | J2: =SUM(Таблица2[[#This Row],[1.n]:[12.n]]) -> 0 | K2: ='1.n2'!E1 -> 0 | L2: ='2.n2'!E1 -> 0 | M2: ='3.n2'!E1 -> 0 | N2: ='4.n2'!E1 -> 0 | O2: ='5.n3'!E1 -> 0 | P2: ='6.n3э'!E1 -> 0 | Q2: ='7.n2'!E1 -> 0 | R2: ='8.n2'!E1 -> 0 | S2: ='9.n2'!E1 -> 0 | T2: ='10.n3'!E1 -> 0
A3: 1.1.1.1.1.2.1 | B3: 6.3.1.5.2.1 | C3: Черновые работы по поверхности стен | J3: =SUM(Таблица2[[#This Row],[1.n]:[12.n]]) -> 0 | K3: ='1.n2'!E2 -> Объем | L3: ='2.n2'!E2 -> Объем | M3: ='3.n2'!E2 -> Объем | N3: ='4.n2'!E2 -> Объем | O3: ='5.n3'!E2 -> Объем | P3: ='6.n3э'!E2 -> Объем | Q3: ='7.n2'!E2 -> Объем | R3: ='8.n2'!E2 -> Объем | S3: ='9.n2'!E2 -> Объем | T3: ='10.n3'!E2 -> Объем
A4: 1.1.1.1.1.2.1.1 | B4: 6.3.1.5.2.1.1.1 | C4: Оклейка швов сопряжения бетонных и других поверхностей стен, перегородок (газобетон, ПГП, панели АКОТЕК и др.) стеклохолстом | E4: 2эт - 1826,61м.п., 3эт. - 2045,25м.п. | F4: пог. м | G4: 1 | H4: 3479 | I4: =Таблица2[[#This Row],[Общее кол-во]]-SUM(Таблица2[[#This Row],[1.n]:[12.n]]) -> -1270.135 | J4: =SUM(Таблица2[[#This Row],[1.n]:[12.n]]) -> 4749.135 | K4: ='1.n2'!E3 -> 267.16 | L4: ='2.n2'!E3 -> 233 | M4: ='3.n2'!E3 -> 323.32 | N4: ='4.n2'!E3 -> 396.86 | O4: ='5.n3'!E3 -> 1102 | P4: ='6.n3э'!E3 -> 852.66 | Q4: ='7.n2'!E3 -> 969.075 | R4: ='8.n2'!E3 -> 239.76 | S4: ='9.n2'!E3 -> 170.6 | T4: ='10.n3'!E3 -> 194.7
A5: 1.1.1.1.1.2.1.1.1 | C5: Шпатлевка гипсовая_ / белая / Унифицированная по ПИК-СТАНДАРТ, 30кг | F5: кг | G5: 0.3 | H5: 1043.7 | I5: =Таблица2[[#This Row],[Общее кол-во]]-SUM(Таблица2[[#This Row],[1.n]:[11.n]]) -> 568.7865 | J5: =SUM(Таблица2[[#This Row],[1.n]:[12.n]]) -> 474.9135 | K5: ='1.n2'!E4 -> 26.716 | L5: ='2.n2'!E4 -> 23.3 | M5: ='3.n2'!E4 -> 32.332 | N5: ='4.n2'!E4 -> 39.686 | O5: ='5.n3'!E4 -> 110.2 | P5: ='6.n3э'!E4 -> 85.266 | Q5: ='7.n2'!E4 -> 96.9075 | R5: ='8.n2'!E4 -> 23.976 | S5: ='9.n2'!E4 -> 17.06 | T5: ='10.n3'!E4 -> 19.47
A6: 1.1.1.1.1.2.1.1.2 | C6: Лента армирующая ( серпянка)_/150мм | F6: пог. м | G6: 1.1 | H6: 3826.9 | I6: =Таблица2[[#This Row],[Общее кол-во]]-SUM(Таблица2[[#This Row],[1.n]:[11.n]]) -> -1397.1485 | J6: =SUM(Таблица2[[#This Row],[1.n]:[12.n]]) -> 5224.0485 | K6: ='1.n2'!E5 -> 293.876 | L6: ='2.n2'!E5 -> 256.3 | M6: ='3.n2'!E5 -> 355.652 | N6: ='4.n2'!E5 -> 436.546 | O6: ='5.n3'!E5 -> 1212.2 | P6: ='6.n3э'!E5 -> 937.926 | Q6: ='7.n2'!E5 -> 1065.9825 | R6: ='8.n2'!E5 -> 263.736 | S6: ='9.n2'!E5 -> 187.66 | T6: ='10.n3'!E5 -> 214.17
A7: 1.1.1.1.1.2.1.2 | B7: 6.3.1.5.2.1.2.3 | C7: Штукатурка стен сухими смесями с установкой маяков с предварительной огрунтовкой / толщ. от 16,5 мм до 21 мм | E7: 2 этаж | F7: м2 | G7: 1 | H7: 0 | I7: =Таблица2[[#This Row],[Общее кол-во]]-SUM(Таблица2[[#This Row],[1.n]:[11.n]]) -> -5009.368 | J7: =SUM(Таблица2[[#This Row],[1.n]:[12.n]]) -> 5009.368 | K7: ='1.n2'!E6 -> 410.02 | L7: ='2.n2'!E6 -> 333.82 | M7: ='3.n2'!E6 -> 161.17 | N7: ='4.n2'!E6 -> 361.91848 | O7: ='5.n3'!E6 -> 1389.7395 | P7: ='6.n3э'!E6 -> 719.9 | Q7: ='7.n2'!E6 -> 724.4 | R7: ='8.n2'!E6 -> 292.2 | S7: ='9.n2'!E6 -> 342.4 | T7: ='10.n3'!E6 -> 273.8
A8: 1.1.1.1.1.2.1.2.1 | C8: Штукатурка гипсовая_ / Унифицированная по ПИК-СТАНДАРТ, 30кг | E8: Штукатурка гипсовая Старатели Старт 30 кг | F8: кг | G8: 1 | H8: 0 | I8: =Таблица2[[#This Row],[Общее кол-во]]-SUM(Таблица2[[#This Row],[1.n]:[11.n]]) -> -1252.342 | J8: =SUM(Таблица2[[#This Row],[1.n]:[12.n]]) -> 1252.342 | K8: ='1.n2'!E7 -> 102.505 | L8: ='2.n2'!E7 -> 83.455 | M8: ='3.n2'!E7 -> 40.2925 | N8: ='4.n2'!E7 -> 90.479619 | O8: ='5.n3'!E7 -> 347.43489 | P8: ='6.n3э'!E7 -> 179.975 | Q8: ='7.n2'!E7 -> 181.1 | R8: ='8.n2'!E7 -> 73.05 | S8: ='9.n2'!E7 -> 85.6 | T8: ='10.n3'!E7 -> 68.45
A9: 1.1.1.1.1.2.1.2.2 | C9: Грунтовка БЕТОН-КОНТАКТ_/ | F9: кг | G9: 0.25 | H9: 0 | I9: =Таблица2[[#This Row],[Общее кол-во]]-SUM(Таблица2[[#This Row],[1.n]:[11.n]]) -> -5009.368 | J9: =SUM(Таблица2[[#This Row],[1.n]:[12.n]]) -> 5009.368 | K9: ='1.n2'!E8 -> 410.02 | L9: ='2.n2'!E8 -> 333.82 | M9: ='3.n2'!E8 -> 161.17 | N9: ='4.n2'!E8 -> 361.91848 | O9: ='5.n3'!E8 -> 1389.7395 | P9: ='6.n3э'!E8 -> 719.9 | Q9: ='7.n2'!E8 -> 724.4 | R9: ='8.n2'!E8 -> 292.2 | S9: ='9.n2'!E8 -> 342.4 | T9: ='10.n3'!E8 -> 273.8
A10: 1.1.1.1.1.2.1.2.3 | C10: Профиль маячковый_/ПМ6 | F10: пог. м | G10: 1.05 | H10: 0 | I10: =Таблица2[[#This Row],[Общее кол-во]]-SUM(Таблица2[[#This Row],[1.n]:[11.n]]) -> -131813.39 | J10: =SUM(Таблица2[[#This Row],[1.n]:[12.n]]) -> 131813.39 | K10: ='1.n2'!E9 -> 410.02 | L10: ='2.n2'!E9 -> 9537.2374 | M10: ='3.n2'!E9 -> 4604.6269 | N10: ='4.n2'!E9 -> 10340.011 | O10: ='5.n3'!E9 -> 39704.859 | P10: ='6.n3э'!E9 -> 20567.543 | Q10: ='7.n2'!E9 -> 20696.108 | R10: ='8.n2'!E9 -> 8348.154 | S10: ='9.n2'!E9 -> 9782.368 | T10: ='10.n3'!E9 -> 7822.466
A11: 1.1.1.1.1.2.1.3 | B11: 6.3.1.5.2.1.4.2 | C11: Выравнивание стен с предварительной огрунтовкой / по оштукатуренной поверхности / толщ. 2 мм | E11: 2 этаж. Шпатлёвка базовая | F11: м2 | G11: 1 | H11: 0 | I11: =Таблица2[[#This Row],[Общее кол-во]]-SUM(Таблица2[[#This Row],[1.n]:[11.n]]) -> -8959.4017 | J11: =SUM(Таблица2[[#This Row],[1.n]:[12.n]]) -> 8959.4017 | K11: ='1.n2'!E10 -> 603.16 | L11: ='2.n2'!E10 -> 502.91 | M11: ='3.n2'!E10 -> 341.47 | N11: ='4.n2'!E10 -> 697.45979 | O11: ='5.n3'!E10 -> 2747.8019 | P11: ='6.n3э'!E10 -> 918.5 | Q11: ='7.n2'!E10 -> 1148.5 | R11: ='8.n2'!E10 -> 240.6 | S11: ='9.n2'!E10 -> 804.7 | T11: ='10.n3'!E10 -> 954.3
A12: 1.1.1.1.1.2.1.3.1 | C12: Шпатлевка гипсовая_ / белая / Унифицированная по ПИК-СТАНДАРТ, 30кг | E12: Шпаклевка гипсовая Старатели базовая белая 20 кг | F12: кг | G12: 1.8 | H12: 0 | I12: =Таблица2[[#This Row],[Общее кол-во]]-SUM(Таблица2[[#This Row],[1.n]:[11.n]]) -> -272264.58 | J12: =SUM(Таблица2[[#This Row],[1.n]:[12.n]]) -> 272264.58 | K12: ='1.n2'!E11 -> 603.16 | L12: ='2.n2'!E11 -> 16349.604 | M12: ='3.n2'!E11 -> 11101.19 | N12: ='4.n2'!E11 -> 22674.418 | O12: ='5.n3'!E11 -> 89331.04 | P12: ='6.n3э'!E11 -> 29860.435 | Q12: ='7.n2'!E11 -> 37337.735 | R12: ='8.n2'!E11 -> 7821.906 | S12: ='9.n2'!E11 -> 26160.797 | T12: ='10.n3'!E11 -> 31024.293
A13: 1.1.1.1.1.2.1.3.2 | C13: Уголок малярный_ / L=3м /25х25 мм | F13: шт | G13: 0.3 | H13: 0 | I13: =Таблица2[[#This Row],[Общее кол-во]]-SUM(Таблица2[[#This Row],[1.n]:[11.n]]) -> -1343.9103 | J13: =SUM(Таблица2[[#This Row],[1.n]:[12.n]]) -> 1343.9103 | K13: ='1.n2'!E12 -> 90.474 | L13: ='2.n2'!E12 -> 75.4365 | M13: ='3.n2'!E12 -> 51.2205 | N13: ='4.n2'!E12 -> 104.61897 | O13: ='5.n3'!E12 -> 412.17029 | P13: ='6.n3э'!E12 -> 137.775 | Q13: ='7.n2'!E12 -> 172.275 | R13: ='8.n2'!E12 -> 36.09 | S13: ='9.n2'!E12 -> 120.705 | T13: ='10.n3'!E12 -> 143.145
A14: 1.1.1.1.1.2.1.3.3 | C14: Лента армированная Серпянка 150мм | F14: пог. м | G14: 1 | H14: 0 | I14: =Таблица2[[#This Row],[Общее кол-во]]-SUM(Таблица2[[#This Row],[1.n]:[11.n]]) -> -8959.4017 | J14: =SUM(Таблица2[[#This Row],[1.n]:[12.n]]) -> 8959.4017 | K14: ='1.n2'!E13 -> 603.16 | L14: ='2.n2'!E13 -> 502.91 | M14: ='3.n2'!E13 -> 341.47 | N14: ='4.n2'!E13 -> 697.45979 | O14: ='5.n3'!E13 -> 2747.8019 | P14: ='6.n3э'!E13 -> 918.5 | Q14: ='7.n2'!E13 -> 1148.5 | R14: ='8.n2'!E13 -> 240.6 | S14: ='9.n2'!E13 -> 804.7 | T14: ='10.n3'!E13 -> 954.3
A15: 1.1.1.1.1.2.1.3.4 | C15: Грунтовка универсальный ЛАСТИМИН_ / LP-51 А | F15: кг | G15: 0.15 | H15: 0 | I15: =Таблица2[[#This Row],[Общее кол-во]]-SUM(Таблица2[[#This Row],[1.n]:[11.n]]) -> -2809.55 | J15: =SUM(Таблица2[[#This Row],[1.n]:[12.n]]) -> 2809.55 | K15: ='1.n2'!E14 -> 295.41 | L15: ='2.n2'!E14 -> 97.47 | M15: ='3.n2'!E14 -> 97.97 | N15: ='4.n2'!E14 -> 59.7 | O15: ='5.n3'!E14 -> 943 | P15: ='6.n3э'!E14 -> 143 | Q15: ='7.n2'!E14 -> 303 | R15: ='8.n2'!E14 -> 264 | S15: ='9.n2'!E14 -> 303 | T15: ='10.n3'!E14 -> 303
A16: 1.1.1.1.1.2.1.4 | B16: 6.3.1.5.2.1.4.2 | C16: Выравнивание стен с предварительной огрунтовкой / по оштукатуренной поверхности / толщ. 2 мм | E16: 2 этаж. Шпатлёвка финишная | F16: м2 | G16: 1 | H16: 0 | I16: =Таблица2[[#This Row],[Общее кол-во]]-SUM(Таблица2[[#This Row],[1.n]:[11.n]]) -> -152.4 | J16: =SUM(Таблица2[[#This Row],[1.n]:[12.n]]) -> 152.4 | K16: ='1.n2'!E15 -> 0 | L16: ='2.n2'!E15 -> 0 | M16: ='3.n2'!E15 -> 0 | N16: ='4.n2'!E15 -> 0 | O16: ='5.n3'!E15 -> 0 | P16: ='6.n3э'!E15 -> 62.5 | Q16: ='7.n2'!E15 -> 59 | R16: ='8.n2'!E15 -> 0 | S16: ='9.n2'!E15 -> 28 | T16: ='10.n3'!E15 -> 2.9
A17: 1.1.1.1.1.2.1.4.1 | C17: Грунтовка универсальный ЛАСТИМИН_ / LP-51 А | F17: кг | G17: 0.15 | H17: 0 | I17: =Таблица2[[#This Row],[Общее кол-во]]-SUM(Таблица2[[#This Row],[1.n]:[11.n]]) -> -38.1 | J17: =SUM(Таблица2[[#This Row],[1.n]:[12.n]]) -> 38.1 | K17: ='1.n2'!E16 -> 0 | L17: ='2.n2'!E16 -> 0 | M17: ='3.n2'!E16 -> 0 | N17: ='4.n2'!E16 -> 0 | O17: ='5.n3'!E16 -> 0 | P17: ='6.n3э'!E16 -> 15.625 | Q17: ='7.n2'!E16 -> 14.75 | R17: ='8.n2'!E16 -> 0 | S17: ='9.n2'!E16 -> 7 | T17: ='10.n3'!E16 -> 0.725
A18: 1.1.1.1.1.2.1.4.2 | C18: Шпатлевка гипсовая_ / белая / Унифицированная по ПИК-СТАНДАРТ, 30кг | E18: Шпаклевка гипсовая Старатели финишная 20 кг | F18: кг | G18: 1.8 | H18: 0 | I18: =Таблица2[[#This Row],[Общее кол-во]]-SUM(Таблица2[[#This Row],[1.n]:[11.n]]) -> -152.4 | J18: =SUM(Таблица2[[#This Row],[1.n]:[12.n]]) -> 152.4 | K18: ='1.n2'!E17 -> Объем | L18: ='2.n2'!E17 -> Объем | M18: ='3.n2'!E17 -> Объем | N18: ='4.n2'!E17 -> Объем | O18: ='5.n3'!E17 -> Объем | P18: ='6.n3э'!E17 -> 62.5 | Q18: ='7.n2'!E17 -> 59 | R18: ='8.n2'!E17 -> Объем | S18: ='9.n2'!E17 -> 28 | T18: ='10.n3'!E17 -> 2.9
A19: 1.1.1.1.1.2.1.5 | B19: 6.3.1.5.2.1.8.5 | C19: Подготовка поверхности СКБ / стен / по штукатурке / 2мм | E19: 2 этаж. Шпаклевка финишная для высококачественной отделки. | F19: м2 | G19: 1 | H19: 8128.4 | I19: =Таблица2[[#This Row],[Общее кол-во]]-SUM(Таблица2[[#This Row],[1.n]:[12.n]]) -> 8128.4 | J19: =SUM(Таблица2[[#This Row],[1.n]:[12.n]]) -> 0 | Y19: =(Y36+Y41+Y56+Y60)*0.19 -> 244.15 | Z19: =(Z36+Z41+Z56+Z60)*0.19 -> 188.689 | AA19: =(AA36+AA41+AA56+AA60)*0.19 -> 139.536 | AB19: =(AB36+AB41+AB56+AB60)*0.19 -> 328.225 | AC19: =(AC36+AC41+AC56+AC60)*0.19 -> 336.775 | AD19: =(AD36+AD41+AD56+AD60)*0.19 -> 183.027 | AE19: =(AE36+AE41+AE56+AE60)*0.19 -> 283.689 | AF19: швы 2эт
A20: 1.1.1.1.1.2.1.5.1 | C20: Шпатлевка финишная TERRACO HANDYCOAT ALL PURPOSE | F20: кг | G20: 1 | H20: 8128.4 | I20: =Таблица2[[#This Row],[Общее кол-во]]-SUM(Таблица2[[#This Row],[1.n]:[11.n]]) -> -1008.7405 | J20: =SUM(Таблица2[[#This Row],[1.n]:[12.n]]) -> 9137.1405 | K20: ='1.n2'!E19 -> 151.977 | L20: ='2.n2'!E19 -> 125.5095 | M20: ='3.n2'!E19 -> 75.396 | N20: ='4.n2'!E19 -> 158.90674 | O20: ='5.n3'!E19 -> 620.63122 | P20: ='6.n3э'!E19 -> 3250 | Q20: ='7.n2'!E19 -> 3068 | R20: ='8.n2'!E19 -> 79.92 | S20: ='9.n2'!E19 -> 1456 | T20: ='10.n3'!E19 -> 150.8 | Y20: =(Y37+Y42+Y57+Y61)*0.2037 -> 0 | Z20: =(Z37+Z42+Z57+Z61)*0.2037 -> 0 | AA20: =(AA37+AA42+AA57+AA61)*0.2037 -> 0 | AB20: =(AB37+AB42+AB57+AB61)*0.2037 -> 0 | AC20: =(AC37+AC42+AC57+AC61)*0.2037 -> 0 | AD20: =(AD37+AD42+AD57+AD61)*0.2037 -> 0 | AE20: =(AE37+AE42+AE57+AE61)*0.2037 -> 0
A21: 1.1.1.1.1.2.1.5.2 | C21: Грунтовка универсальный ЛАСТИМИН_ / LP-51 А | F21: кг | G21: 0.15 | H21: 1219.26 | I21: =Таблица2[[#This Row],[Общее кол-во]]-SUM(Таблица2[[#This Row],[1.n]:[11.n]]) -> -13238.942 | J21: =SUM(Таблица2[[#This Row],[1.n]:[12.n]]) -> 14458.202 | K21: ='1.n2'!E20 -> 1823.724 | L21: ='2.n2'!E20 -> 1506.114 | M21: ='3.n2'!E20 -> 904.752 | N21: ='4.n2'!E20 -> 1906.8809 | O21: ='5.n3'!E20 -> 7447.5746 | P21: ='6.n3э'!E20 -> 193.9 | Q21: ='7.n2'!E20 -> 221.6 | R21: ='8.n2'!E20 -> 143.856 | S21: ='9.n2'!E20 -> 272.4 | T21: ='10.n3'!E20 -> 37.4 | Y21: =(Y38+Y43+Y58+Y62)*0.2037 -> 0 | Z21: =(Z38+Z43+Z58+Z62)*0.2037 -> 0 | AA21: =(AA38+AA43+AA58+AA62)*0.2037 -> 0 | AB21: =(AB38+AB43+AB58+AB62)*0.2037 -> 0 | AC21: =(AC38+AC43+AC58+AC62)*0.2037 -> 0 | AD21: =(AD38+AD43+AD58+AD62)*0.2037 -> 0 | AE21: =(AE38+AE43+AE58+AE62)*0.2037 -> 0
A22: 1.1.1.1.1.2.1.6 | B22: 6.3.1.5.2.1.8.5 | C22: Подготовка поверхности СКБ / стен / по штукатурке / 2мм | E22: 3 этаж. Шпаклевка финишная для высококачественной отделки. | F22: м2 | G22: 1 | H22: 7374 | I22: =Таблица2[[#This Row],[Общее кол-во]]-SUM(Таблица2[[#This Row],[1.n]:[12.n]]) -> 7374 | J22: =SUM(Таблица2[[#This Row],[1.n]:[12.n]]) -> 0 | Y22: =(Y46+Y51+Y64+Y68)*0.24 -> 364.032 | Z22: =(Z46+Z51+Z64+Z68)*0.24 -> 301.392 | AA22: =(AA46+AA51+AA64+AA68)*0.24 -> 86.904 | AB22: =(AB46+AB51+AB64+AB68)*0.24 -> 347.472 | AC22: =(AC46+AC51+AC64+AC68)*0.24 -> 287.52 | AD22: =(AD46+AD51+AD64+AD68)*0.24 -> 229.968 | AE22: =(AE46+AE51+AE64+AE68)*0.24 -> 308.64 | AF22: швы 3эт
A23: 1.1.1.1.1.2.1.6.1 | C23: Грунтовка универсальный ЛАСТИМИН_ / LP-51 А | F23: кг | G23: 0.15 | H23: 1106.1 | I23: =Таблица2[[#This Row],[Общее кол-во]]-SUM(Таблица2[[#This Row],[1.n]:[11.n]]) -> 380.8 | J23: =SUM(Таблица2[[#This Row],[1.n]:[12.n]]) -> 725.3 | K23: ='1.n2'!E22 -> 0 | L23: ='2.n2'!E22 -> 0 | M23: ='3.n2'!E22 -> 0 | N23: ='4.n2'!E22 -> 0 | O23: ='5.n3'!E22 -> 0 | P23: ='6.n3э'!E22 -> 193.9 | Q23: ='7.n2'!E22 -> 221.6 | R23: ='8.n2'!E22 -> 0 | S23: ='9.n2'!E22 -> 272.4 | T23: ='10.n3'!E22 -> 37.4
A24: 1.1.1.1.1.2.1.6.2 | C24: Шпатлевка финишная TERRACO HANDYCOAT ALL PURPOSE | F24: кг | G24: 1 | H24: 7374 | I24: =Таблица2[[#This Row],[Общее кол-во]]-SUM(Таблица2[[#This Row],[1.n]:[11.n]]) -> 6576.17 | J24: =SUM(Таблица2[[#This Row],[1.n]:[12.n]]) -> 797.83 | K24: ='1.n2'!E23 -> 0 | L24: ='2.n2'!E23 -> 0 | M24: ='3.n2'!E23 -> 0 | N24: ='4.n2'!E23 -> 0 | O24: ='5.n3'!E23 -> 0 | P24: ='6.n3э'!E23 -> 213.29 | Q24: ='7.n2'!E23 -> 243.76 | R24: ='8.n2'!E23 -> 0 | S24: ='9.n2'!E23 -> 299.64 | T24: ='10.n3'!E23 -> 41.14
A25: 1.1.1.1.1.2.1.7 | B25: 6.3.1.5.2.1.8.5 | C25: Подготовка поверхности СКБ / стен / по штукатурке / 2мм | E25: 2 этаж. Шпаклевка базовая. | F25: м2 | G25: 1 | H25: 8128.4 | I25: =Таблица2[[#This Row],[Общее кол-во]]-SUM(Таблица2[[#This Row],[1.n]:[12.n]]) -> 1163.6717 | J25: =SUM(Таблица2[[#This Row],[1.n]:[12.n]]) -> 6964.7283 | K25: ='1.n2'!E18 -> 1013.18 | L25: ='2.n2'!E18 -> 836.73 | M25: ='3.n2'!E18 -> 502.64 | N25: ='4.n2'!E18 -> 1059.3783 | Q25: ='7.n2'!E28 -> 1872.9 | R25: ='8.n2'!E18 -> 532.8 | S25: ='9.n2'!E28 -> 1147.1 | U25: 0 | Y25: =SUM(Y56:Y60) -> 1285 | Z25: =SUM(Z56:Z60) -> 747.3 | AA25: =SUM(AA56:AA60) -> 734.4 | AB25: 1883.2 | AC25: =SUM(AC56:AC60) -> 1319 | AD25: =SUM(AD56:AD60) -> 770.6 | AE25: =SUM(AE56:AE60) -> 1402.3 | AF25: =SUM(Y25:AE25)-Таблица2[[#This Row],[Общее кол-во]] -> 13.4
A26: 1.1.1.1.1.2.1.7.1 | C26: Шпатлевка гипсовая_ / белая / Унифицированная по ПИК-СТАНДАРТ, 30кг | F26: кг | G26: 1.8 | H26: 14631.12 | I26: =Таблица2[[#This Row],[Общее кол-во]]-SUM(Таблица2[[#This Row],[1.n]:[11.n]]) -> 14631.12 | J26: =SUM(Таблица2[[#This Row],[1.n]:[12.n]]) -> 0 | K26: ='1.n2'!E25 -> 0 | L26: ='2.n2'!E25 -> 0 | M26: ='3.n2'!E25 -> 0 | N26: ='4.n2'!E25 -> 0 | O26: ='5.n3'!E25 -> 0 | P26: ='6.n3э'!E25 -> 0 | Q26: ='7.n2'!E25 -> 0 | R26: ='8.n2'!E25 -> 0 | S26: ='9.n2'!E25 -> 0 | T26: ='10.n3'!E25 -> 0 | AF26: =SUM(Y26:AE26)-Таблица2[[#This Row],[Общее кол-во]] -> -14631.12
A27: 1.1.1.1.1.2.1.7.2 | C27: Грунтовка универсальный ЛАСТИМИН_ / LP-51 А | F27: кг | G27: 0.15 | H27: 1219.26 | I27: =Таблица2[[#This Row],[Общее кол-во]]-SUM(Таблица2[[#This Row],[1.n]:[11.n]]) -> 1219.26 | J27: =SUM(Таблица2[[#This Row],[1.n]:[12.n]]) -> 0 | K27: ='1.n2'!E26 -> 0 | L27: ='2.n2'!E26 -> 0 | M27: ='3.n2'!E26 -> 0 | N27: ='4.n2'!E26 -> 0 | O27: ='5.n3'!E26 -> 0 | P27: ='6.n3э'!E26 -> 0 | Q27: ='7.n2'!E26 -> 0 | R27: ='8.n2'!E26 -> 0 | S27: ='9.n2'!E26 -> 0 | T27: ='10.n3'!E26 -> 0 | AF27: =SUM(Y27:AE27)-Таблица2[[#This Row],[Общее кол-во]] -> -1219.26
A28: 1.1.1.1.1.2.1.8 | B28: 6.3.1.5.2.1.8.5 | C28: Подготовка поверхности СКБ / стен / по штукатурке / 2мм | E28: 3 этаж. Шпаклевка базовая. | F28: м2 | G28: 1 | H28: 7374 | I28: =Таблица2[[#This Row],[Общее кол-во]]-SUM(Таблица2[[#This Row],[1.n]:[12.n]]) -> 369.95854 | J28: =SUM(Таблица2[[#This Row],[1.n]:[12.n]]) -> 7004.0415 | O28: ='5.n3'!E18 -> 4137.5415 | P28: ='6.n3э'!E28 -> 1638.4 | T28: ='10.n3'!E28 -> 1228.1 | V28: 0 | Y28: =SUM(Y64:Y68) -> 1516.8 | Z28: =SUM(Z64:Z68) -> 1010 | AA28: =SUM(AA64:AA68) -> 362.1 | AB28: =SUM(AB64:AB68) -> 1293.1 | AC28: =SUM(AC64:AC68) -> 1155.9 | AD28: =SUM(AD64:AD68) -> 765 | AE28: =SUM(AE64:AE68) -> 1195.2 | AF28: =SUM(Y28:AE28)-Таблица2[[#This Row],[Общее кол-во]] -> -75.9 | AK28: 47.176551 | AL28: 52.823449 | AM28: 3479
A29: 1.1.1.1.1.2.1.8.1 | C29: Грунтовка универсальный ЛАСТИМИН_ / LP-51 А | F29: кг | G29: 0.15 | H29: 1106.1 | I29: =Таблица2[[#This Row],[Общее кол-во]]-SUM(Таблица2[[#This Row],[1.n]:[11.n]]) -> -4780.4 | J29: =SUM(Таблица2[[#This Row],[1.n]:[12.n]]) -> 5886.5 | K29: ='1.n2'!E28 -> 0 | L29: ='2.n2'!E28 -> 0 | M29: ='3.n2'!E28 -> 0 | N29: ='4.n2'!E28 -> 0 | O29: ='5.n3'!E28 -> 0 | P29: ='6.n3э'!E28 -> 1638.4 | Q29: ='7.n2'!E28 -> 1872.9 | R29: ='8.n2'!E28 -> 0 | S29: ='9.n2'!E28 -> 1147.1 | T29: ='10.n3'!E28 -> 1228.1 | AF29: =SUM(Y29:AE29)-Таблица2[[#This Row],[Общее кол-во]] -> -1106.1
A30: 1.1.1.1.1.2.1.8.2 | C30: Шпатлевка гипсовая_ / белая / Унифицированная по ПИК-СТАНДАРТ, 30кг | F30: кг | G30: 1.8 | H30: 13273.2 | I30: =Таблица2[[#This Row],[Общее кол-во]]-SUM(Таблица2[[#This Row],[1.n]:[11.n]]) -> 12390.225 | J30: =SUM(Таблица2[[#This Row],[1.n]:[12.n]]) -> 882.975 | K30: ='1.n2'!E29 -> 0 | L30: ='2.n2'!E29 -> 0 | M30: ='3.n2'!E29 -> 0 | N30: ='4.n2'!E29 -> 0 | O30: ='5.n3'!E29 -> 0 | P30: ='6.n3э'!E29 -> 245.76 | Q30: ='7.n2'!E29 -> 280.935 | R30: ='8.n2'!E29 -> 0 | S30: ='9.n2'!E29 -> 172.065 | T30: ='10.n3'!E29 -> 184.215 | AF30: =SUM(Y30:AE30)-Таблица2[[#This Row],[Общее кол-во]] -> -13273.2
A31: 1.1.1.1.1.2.1.9 | B31: 6.3.1.5.2.1.10.1 | C31: Штукатурка стен цементным, цементно-песчаным раствором с предварительной огрунтовкой / толщ. до 20 мм / высотой до 4 метров | E31: 2 этаж | F31: м2 | G31: 1 | H31: 0 | I31: =Таблица2[[#This Row],[Общее кол-во]]-SUM(Таблица2[[#This Row],[1.n]:[11.n]]) -> -1589.355 | J31: =SUM(Таблица2[[#This Row],[1.n]:[12.n]]) -> 1589.355 | K31: ='1.n2'!E30 -> 0 | L31: ='2.n2'!E30 -> 0 | M31: ='3.n2'!E30 -> 0 | N31: ='4.n2'!E30 -> 0 | O31: ='5.n3'!E30 -> 0 | P31: ='6.n3э'!E30 -> 442.368 | Q31: ='7.n2'!E30 -> 505.683 | R31: ='8.n2'!E30 -> 0 | S31: ='9.n2'!E30 -> 309.717 | T31: ='10.n3'!E30 -> 331.587 | AF31: =SUM(Y31:AE31)-Таблица2[[#This Row],[Общее кол-во]] -> 0
A32: 1.1.1.1.1.2.1.9.1 | C32: Штукатурка цементная | E32: Штукатурка цементная Основит Техно РС21 M 25 кг | F32: кг | G32: 1.3 | H32: 0 | I32: =Таблица2[[#This Row],[Общее кол-во]]-SUM(Таблица2[[#This Row],[1.n]:[11.n]]) -> -476.8065 | J32: =SUM(Таблица2[[#This Row],[1.n]:[12.n]]) -> 476.8065 | K32: ='1.n2'!E31 -> 0 | L32: ='2.n2'!E31 -> 0 | M32: ='3.n2'!E31 -> 0 | N32: ='4.n2'!E31 -> 0 | O32: ='5.n3'!E31 -> 0 | P32: ='6.n3э'!E31 -> 132.7104 | Q32: ='7.n2'!E31 -> 151.7049 | R32: ='8.n2'!E31 -> 0 | S32: ='9.n2'!E31 -> 92.9151 | T32: ='10.n3'!E31 -> 99.4761 | AF32: =SUM(Y32:AE32)-Таблица2[[#This Row],[Общее кол-во]] -> 0
A33: 1.1.1.1.1.2.1.9.2 | C33: Сетка штукатурная_/пластиковая/5*5 | F33: м2 | G33: 1.1 | H33: 0 | I33: =Таблица2[[#This Row],[Общее кол-во]]-SUM(Таблица2[[#This Row],[1.n]:[11.n]]) -> 0 | J33: =SUM(Таблица2[[#This Row],[1.n]:[12.n]]) -> 0 | K33: ='1.n2'!E32 -> 0 | L33: ='2.n2'!E32 -> 0 | M33: ='3.n2'!E32 -> 0 | N33: ='4.n2'!E32 -> 0 | O33: ='5.n3'!E32 -> 0 | P33: ='6.n3э'!E32 -> 0 | Q33: ='7.n2'!E32 -> 0 | R33: ='8.n2'!E32 -> 0 | S33: ='9.n2'!E32 -> 0 | T33: ='10.n3'!E32 -> 0 | AF33: =SUM(Y33:AE33)-Таблица2[[#This Row],[Общее кол-во]] -> 0
A34: 1.1.1.1.1.2.1.9.3 | C34: Профиль маячковый_/ПМ6 | F34: пог. м | G34: 1 | H34: 0 | I34: =Таблица2[[#This Row],[Общее кол-во]]-SUM(Таблица2[[#This Row],[1.n]:[11.n]]) -> 0 | J34: =SUM(Таблица2[[#This Row],[1.n]:[12.n]]) -> 0 | K34: ='1.n2'!E33 -> 0 | L34: ='2.n2'!E33 -> 0 | M34: ='3.n2'!E33 -> 0 | N34: ='4.n2'!E33 -> 0 | O34: ='5.n3'!E33 -> 0 | P34: ='6.n3э'!E33 -> 0 | Q34: ='7.n2'!E33 -> 0 | R34: ='8.n2'!E33 -> 0 | S34: ='9.n2'!E33 -> 0 | T34: ='10.n3'!E33 -> 0 | AF34: =SUM(Y34:AE34)-Таблица2[[#This Row],[Общее кол-во]] -> 0
A35: 1.1.1.1.1.2.1.9.4 | C35: Грунтовка БЕТОН-КОНТАКТ_/ | F35: кг | G35: 0.25 | H35: 0 | I35: =Таблица2[[#This Row],[Общее кол-во]]-SUM(Таблица2[[#This Row],[1.n]:[11.n]]) -> 0 | J35: =SUM(Таблица2[[#This Row],[1.n]:[12.n]]) -> 0 | K35: ='1.n2'!E34 -> 0 | L35: ='2.n2'!E34 -> 0 | M35: ='3.n2'!E34 -> 0 | N35: ='4.n2'!E34 -> 0 | O35: ='5.n3'!E34 -> 0 | P35: ='6.n3э'!E34 -> 0 | Q35: ='7.n2'!E34 -> 0 | R35: ='8.n2'!E34 -> 0 | S35: ='9.n2'!E34 -> 0 | T35: ='10.n3'!E34 -> 0 | AF35: =SUM(Y35:AE35)-Таблица2[[#This Row],[Общее кол-во]] -> 0
A36: 1.1.1.1.1.2.1.10 | B36: 6.3.1.5.2.1.10.2 | C36: Штукатурка стен цементным, цементно-песчаным раствором с предварительной огрунтовкой / толщ. от 21 до 40 мм / высотой до 4 метров | E36: 2 этаж. Штукатурка по ЖБ. Толщина слоя согласованна с ПГ. | F36: м2 | G36: 1 | H36: 174.8 | I36: =Таблица2[[#This Row],[Общее кол-во]]-SUM(Таблица2[[#This Row],[1.n]:[12.n]]) -> 87.8 | J36: =SUM(Таблица2[[#This Row],[1.n]:[12.n]]) -> 87 | Q36: ='7.n2'!E15 -> 59 | S36: ='9.n2'!E15 -> 28 | Y36: 0 | Z36: 67.3 | AA36: 0 | AB36: 0 | AC36: 38.9 | AD36: 57.8 | AE36: 10.8 | AF36: =SUM(Y36:AE36)-Таблица2[[#This Row],[Общее кол-во]] -> 0 | AI36: 1826.61 | AJ36: 2045.25 | AK36: =AI36/AM36*100 -> 47.176551 | AL36: =AJ36/AM36*100 -> 52.823449 | AM36: =SUM(AI36:AJ36) -> 3871.86
A37: 1.1.1.1.1.2.1.10.1 | C37: Штукатурка цементная | F37: кг | G37: 1.3 | H37: 7953.4 | I37: =Таблица2[[#This Row],[Общее кол-во]]-SUM(Таблица2[[#This Row],[1.n]:[11.n]]) -> 7953.4 | J37: =SUM(Таблица2[[#This Row],[1.n]:[12.n]]) -> 0 | K37: ='1.n2'!E36 -> 0 | L37: ='2.n2'!E36 -> 0 | M37: ='3.n2'!E36 -> 0 | N37: ='4.n2'!E36 -> 0 | O37: ='5.n3'!E36 -> 0 | P37: ='6.n3э'!E36 -> 0 | Q37: ='7.n2'!E36 -> 0 | R37: ='8.n2'!E36 -> 0 | S37: ='9.n2'!E36 -> 0 | T37: ='10.n3'!E36 -> 0 | AF37: =SUM(Y37:AE37)-Таблица2[[#This Row],[Общее кол-во]] -> -7953.4
A38: 1.1.1.1.1.2.1.10.2 | C38: Сетка штукатурная_/пластиковая/5*5 | F38: м2 | G38: 1.1 | H38: 192.28 | I38: =Таблица2[[#This Row],[Общее кол-во]]-SUM(Таблица2[[#This Row],[1.n]:[11.n]]) -> 192.28 | J38: =SUM(Таблица2[[#This Row],[1.n]:[12.n]]) -> 0 | K38: ='1.n2'!E37 -> 0 | L38: ='2.n2'!E37 -> 0 | M38: ='3.n2'!E37 -> 0 | N38: ='4.n2'!E37 -> 0 | O38: ='5.n3'!E37 -> 0 | P38: ='6.n3э'!E37 -> 0 | Q38: ='7.n2'!E37 -> 0 | R38: ='8.n2'!E37 -> 0 | S38: ='9.n2'!E37 -> 0 | T38: ='10.n3'!E37 -> 0 | AF38: =SUM(Y38:AE38)-Таблица2[[#This Row],[Общее кол-во]] -> -192.28
A39: 1.1.1.1.1.2.1.10.3 | C39: Профиль маячковый_/ПМ6 | F39: пог. м | G39: 1 | H39: 174.8 | I39: =Таблица2[[#This Row],[Общее кол-во]]-SUM(Таблица2[[#This Row],[1.n]:[11.n]]) -> 174.8 | J39: =SUM(Таблица2[[#This Row],[1.n]:[12.n]]) -> 0 | K39: ='1.n2'!E38 -> 0 | L39: ='2.n2'!E38 -> 0 | M39: ='3.n2'!E38 -> 0 | N39: ='4.n2'!E38 -> 0 | O39: ='5.n3'!E38 -> 0 | P39: ='6.n3э'!E38 -> 0 | Q39: ='7.n2'!E38 -> 0 | R39: ='8.n2'!E38 -> 0 | S39: ='9.n2'!E38 -> 0 | T39: ='10.n3'!E38 -> 0 | AF39: =SUM(Y39:AE39)-Таблица2[[#This Row],[Общее кол-во]] -> -174.8
A40: 1.1.1.1.1.2.1.10.4 | C40: Грунтовка БЕТОН-КОНТАКТ_/ | F40: кг | G40: 0.25 | H40: 43.7 | I40: =Таблица2[[#This Row],[Общее кол-во]]-SUM(Таблица2[[#This Row],[1.n]:[11.n]]) -> 43.7 | J40: =SUM(Таблица2[[#This Row],[1.n]:[12.n]]) -> 0 | K40: ='1.n2'!E39 -> 0 | L40: ='2.n2'!E39 -> 0 | M40: ='3.n2'!E39 -> 0 | N40: ='4.n2'!E39 -> 0 | O40: ='5.n3'!E39 -> 0 | P40: ='6.n3э'!E39 -> 0 | Q40: ='7.n2'!E39 -> 0 | R40: ='8.n2'!E39 -> 0 | S40: ='9.n2'!E39 -> 0 | T40: ='10.n3'!E39 -> 0 | AF40: =SUM(Y40:AE40)-Таблица2[[#This Row],[Общее кол-во]] -> -43.7
A41: 1.1.1.1.1.2.1.11 | B41: 6.3.1.5.2.1.10.2 | C41: Штукатурка стен цементным, цементно-песчаным раствором с предварительной огрунтовкой / толщ. от 21 до 40 мм / высотой до 4 метров | E41: 2 этаж. Штукатурка по блоку, ГСП, ПГП. Толщина слоя согласованна с ПГ | F41: м2 | G41: 1 | H41: 808 | I41: =Таблица2[[#This Row],[Общее кол-во]]-SUM(Таблица2[[#This Row],[1.n]:[12.n]]) -> 314 | J41: =SUM(Таблица2[[#This Row],[1.n]:[12.n]]) -> 494 | Q41: ='7.n2'!E20 -> 221.6 | S41: ='9.n2'!E20 -> 272.4 | Y41: 0 | Z41: 178.5 | AA41: 0 | AB41: 0 | AC41: 414.6 | AD41: 134.9 | AE41: 80 | AF41: =SUM(Y41:AE41)-Таблица2[[#This Row],[Общее кол-во]] -> 0 | AI41: 2 | AJ41: =SUM(Y36:AE41)+SUM(Y56:AE63) -> 8968.9 | AK41: 1826.61 | AL41: =AK41/AJ41 -> 0.20366043
A42: 1.1.1.1.1.2.1.11.1 | C42: Грунтовка универсальный ЛАСТИМИН_ / LP-51 А | F42: кг | G42: 0.15 | H42: 121.2 | J42: =SUM(Таблица2[[#This Row],[1.n]:[12.n]]) -> 0 | K42: ='1.n2'!E41 -> 0 | L42: ='2.n2'!E41 -> 0 | M42: ='3.n2'!E41 -> 0 | N42: ='4.n2'!E41 -> 0 | O42: ='5.n3'!E41 -> 0 | P42: ='6.n3э'!E41 -> 0 | Q42: ='7.n2'!E41 -> 0 | R42: ='8.n2'!E41 -> 0 | S42: ='9.n2'!E41 -> 0 | T42: ='10.n3'!E41 -> 0 | AF42: =SUM(Y42:AE42)-Таблица2[[#This Row],[Общее кол-во]] -> -121.2 | AJ42: =SUM(Y42:AE47)+SUM(Y60:AE64) -> 7668.2 | AL42: =AK42/AJ42 -> 0
A43: 1.1.1.1.1.2.1.11.2 | C43: Профиль маячковый_/ПМ6 | F43: пог. м | G43: 1 | H43: 808 | J43: =SUM(Таблица2[[#This Row],[1.n]:[12.n]]) -> 0 | K43: ='1.n2'!E42 -> 0 | L43: ='2.n2'!E42 -> 0 | M43: ='3.n2'!E42 -> 0 | N43: ='4.n2'!E42 -> 0 | O43: ='5.n3'!E42 -> 0 | P43: ='6.n3э'!E42 -> 0 | Q43: ='7.n2'!E42 -> 0 | R43: ='8.n2'!E42 -> 0 | S43: ='9.n2'!E42 -> 0 | T43: ='10.n3'!E42 -> 0 | AF43: =SUM(Y43:AE43)-Таблица2[[#This Row],[Общее кол-во]] -> -808 | AJ43: =SUM(Y43:AE48)+SUM(Y61:AE65) -> 3279.4 | AL43: =AK43/AJ43 -> 0
A44: 1.1.1.1.1.2.1.11.3 | C44: Сетка штукатурная_/пластиковая/5*5 | F44: м2 | G44: 1.1 | H44: 888.8 | J44: =SUM(Таблица2[[#This Row],[1.n]:[12.n]]) -> 0 | K44: ='1.n2'!E43 -> 0 | L44: ='2.n2'!E43 -> 0 | M44: ='3.n2'!E43 -> 0 | N44: ='4.n2'!E43 -> 0 | O44: ='5.n3'!E43 -> 0 | P44: ='6.n3э'!E43 -> 0 | Q44: ='7.n2'!E43 -> 0 | R44: ='8.n2'!E43 -> 0 | S44: ='9.n2'!E43 -> 0 | T44: ='10.n3'!E43 -> 0 | AF44: =SUM(Y44:AE44)-Таблица2[[#This Row],[Общее кол-во]] -> -888.8 | AJ44: =SUM(Y44:AE49)+SUM(Y62:AE66) -> 3279.4 | AL44: =AK44/AJ44 -> 0
A45: 1.1.1.1.1.2.1.11.4 | C45: Штукатурка цементная | F45: кг | G45: 1.3 | H45: 36764 | J45: =SUM(Таблица2[[#This Row],[1.n]:[12.n]]) -> 0 | K45: ='1.n2'!E44 -> 0 | L45: ='2.n2'!E44 -> 0 | M45: ='3.n2'!E44 -> 0 | N45: ='4.n2'!E44 -> 0 | O45: ='5.n3'!E44 -> 0 | P45: ='6.n3э'!E44 -> 0 | Q45: ='7.n2'!E44 -> 0 | R45: ='8.n2'!E44 -> 0 | S45: ='9.n2'!E44 -> 0 | T45: ='10.n3'!E44 -> 0 | AF45: =SUM(Y45:AE45)-Таблица2[[#This Row],[Общее кол-во]] -> -36764 | AJ45: =SUM(Y45:AE50)+SUM(Y63:AE67) -> 3279.4 | AL45: =AK45/AJ45 -> 0
A46: 1.1.1.1.1.2.1.12 | B46: 6.3.1.5.2.1.10.2 | C46: Штукатурка стен цементным, цементно-песчаным раствором с предварительной огрунтовкой / толщ. от 21 до 40 мм / высотой до 4 метров | E46: 3 этаж. Штукатурка по ЖБ. Толщина слоя согласованна с ПГ. | F46: м2 | G46: 1 | H46: 154.2 | I46: =Таблица2[[#This Row],[Общее кол-во]]-SUM(Таблица2[[#This Row],[1.n]:[12.n]]) -> 88.8 | J46: =SUM(Таблица2[[#This Row],[1.n]:[12.n]]) -> 65.4 | P46: ='6.n3э'!E15 -> 62.5 | T46: ='10.n3'!E15 -> 2.9 | Y46: 0 | Z46: 67.5 | AA46: 0 | AB46: 12 | AC46: 3.1 | AD46: 60.7 | AE46: 10.9 | AF46: =SUM(Y46:AE46)-Таблица2[[#This Row],[Общее кол-во]] -> 0 | AI46: 3 | AJ46: =SUM(Y46:AE51)+SUM(Y64:AE68) -> 8024.7 | AK46: 2045.25 | AL46: =AK46/AJ46 -> 0.25486934
A47: 1.1.1.1.1.2.1.12.1 | C47: Штукатурка цементная | F47: кг | G47: 1.3 | H47: 7016.1 | I47: 314 | J47: =SUM(Таблица2[[#This Row],[1.n]:[12.n]]) -> 0 | K47: ='1.n2'!E46 -> 0 | L47: ='2.n2'!E46 -> 0 | M47: ='3.n2'!E46 -> 0 | N47: ='4.n2'!E46 -> 0 | O47: ='5.n3'!E46 -> 0 | P47: ='6.n3э'!E46 -> 0 | Q47: ='7.n2'!E46 -> 0 | R47: ='8.n2'!E46 -> 0 | S47: ='9.n2'!E46 -> 0 | T47: ='10.n3'!E46 -> 0 | AF47: =SUM(Y47:AE47)-Таблица2[[#This Row],[Общее кол-во]] -> -7016.1
A48: 1.1.1.1.1.2.1.12.2 | C48: Сетка штукатурная_/пластиковая/5*5 | F48: м2 | G48: 1.1 | H48: 169.62 | J48: =SUM(Таблица2[[#This Row],[1.n]:[12.n]]) -> 0 | K48: ='1.n2'!E47 -> 0 | L48: ='2.n2'!E47 -> 0 | M48: ='3.n2'!E47 -> 0 | N48: ='4.n2'!E47 -> 0 | O48: ='5.n3'!E47 -> 0 | P48: ='6.n3э'!E47 -> 0 | Q48: ='7.n2'!E47 -> 0 | R48: ='8.n2'!E47 -> 0 | S48: ='9.n2'!E47 -> 0 | T48: ='10.n3'!E47 -> 0 | AF48: =SUM(Y48:AE48)-Таблица2[[#This Row],[Общее кол-во]] -> -169.62
A49: 1.1.1.1.1.2.1.12.3 | C49: Профиль маячковый_/ПМ6 | F49: пог. м | G49: 1 | H49: 154.2 | J49: =SUM(Таблица2[[#This Row],[1.n]:[12.n]]) -> 0 | K49: ='1.n2'!E48 -> 0 | L49: ='2.n2'!E48 -> 0 | M49: ='3.n2'!E48 -> 0 | N49: ='4.n2'!E48 -> 0 | O49: ='5.n3'!E48 -> 0 | P49: ='6.n3э'!E48 -> 0 | Q49: ='7.n2'!E48 -> 0 | R49: ='8.n2'!E48 -> 0 | S49: ='9.n2'!E48 -> 0 | T49: ='10.n3'!E48 -> 0 | AF49: =SUM(Y49:AE49)-Таблица2[[#This Row],[Общее кол-во]] -> -154.2
A50: 1.1.1.1.1.2.1.12.4 | C50: Грунтовка БЕТОН-КОНТАКТ_/ | F50: кг | G50: 0.25 | H50: 38.55 | J50: =SUM(Таблица2[[#This Row],[1.n]:[12.n]]) -> 0 | K50: ='1.n2'!E49 -> 0 | L50: ='2.n2'!E49 -> 0 | M50: ='3.n2'!E49 -> 0 | N50: ='4.n2'!E49 -> 0 | O50: ='5.n3'!E49 -> 0 | P50: ='6.n3э'!E49 -> 0 | Q50: ='7.n2'!E49 -> 0 | R50: ='8.n2'!E49 -> 0 | S50: ='9.n2'!E49 -> 0 | T50: ='10.n3'!E49 -> 0 | AF50: =SUM(Y50:AE50)-Таблица2[[#This Row],[Общее кол-во]] -> -38.55
A51: 1.1.1.1.1.2.1.13 | B51: 6.3.1.5.2.1.10.2 | C51: Штукатурка стен цементным, цементно-песчаным раствором с предварительной огрунтовкой / толщ. от 21 до 40 мм / высотой до 4 метров | E51: 3 этаж. Штукатурка по блоку, ГСП, ПГП. Толщина слоя согласованна с ПГ | F51: м2 | G51: 1 | H51: 572.4 | I51: =Таблица2[[#This Row],[Общее кол-во]]-SUM(Таблица2[[#This Row],[1.n]:[12.n]]) -> 341.1 | J51: =SUM(Таблица2[[#This Row],[1.n]:[12.n]]) -> 231.3 | P51: ='6.n3э'!E20 -> 193.9 | T51: ='10.n3'!E20 -> 37.4 | Y51: 0 | Z51: 178.3 | AA51: 0 | AB51: 142.7 | AC51: 39 | AD51: 132.5 | AE51: 79.9 | AF51: =SUM(Y51:AE51)-Таблица2[[#This Row],[Общее кол-во]] -> 0
A52: 1.1.1.1.1.2.1.13.1 | C52: Грунтовка универсальный ЛАСТИМИН_ / LP-51 А | F52: кг | G52: 0.15 | H52: 85.86 | J52: =SUM(Таблица2[[#This Row],[1.n]:[12.n]]) -> 0 | K52: ='1.n2'!E51 -> 0 | L52: ='2.n2'!E51 -> 0 | M52: ='3.n2'!E51 -> 0 | N52: ='4.n2'!E51 -> 0 | O52: ='5.n3'!E51 -> 0 | P52: ='6.n3э'!E51 -> 0 | Q52: ='7.n2'!E51 -> 0 | R52: ='8.n2'!E51 -> 0 | S52: ='9.n2'!E51 -> 0 | T52: ='10.n3'!E51 -> 0 | AF52: =SUM(Y52:AE52)-Таблица2[[#This Row],[Общее кол-во]] -> -85.86
A53: 1.1.1.1.1.2.1.13.2 | C53: Профиль маячковый_/ПМ6 | F53: пог. м | G53: 1 | H53: 572.4 | J53: =SUM(Таблица2[[#This Row],[1.n]:[12.n]]) -> 0 | K53: ='1.n2'!E52 -> 0 | L53: ='2.n2'!E52 -> 0 | M53: ='3.n2'!E52 -> 0 | N53: ='4.n2'!E52 -> 0 | O53: ='5.n3'!E52 -> 0 | P53: ='6.n3э'!E52 -> 0 | Q53: ='7.n2'!E52 -> 0 | R53: ='8.n2'!E52 -> 0 | S53: ='9.n2'!E52 -> 0 | T53: ='10.n3'!E52 -> 0 | AF53: =SUM(Y53:AE53)-Таблица2[[#This Row],[Общее кол-во]] -> -572.4
A54: 1.1.1.1.1.2.1.13.3 | C54: Сетка штукатурная_/пластиковая/5*5 | F54: м2 | G54: 1.1 | H54: 629.64 | J54: =SUM(Таблица2[[#This Row],[1.n]:[12.n]]) -> 0 | K54: ='1.n2'!E53 -> 0 | L54: ='2.n2'!E53 -> 0 | M54: ='3.n2'!E53 -> 0 | N54: ='4.n2'!E53 -> 0 | O54: ='5.n3'!E53 -> 0 | P54: ='6.n3э'!E53 -> 0 | Q54: ='7.n2'!E53 -> 0 | R54: ='8.n2'!E53 -> 0 | S54: ='9.n2'!E53 -> 0 | T54: ='10.n3'!E53 -> 0 | AF54: =SUM(Y54:AE54)-Таблица2[[#This Row],[Общее кол-во]] -> -629.64
A55: 1.1.1.1.1.2.1.13.4 | C55: Штукатурка цементная | F55: кг | G55: 1.3 | H55: 26044.2 | J55: =SUM(Таблица2[[#This Row],[1.n]:[12.n]]) -> 0 | K55: ='1.n2'!E54 -> 0 | L55: ='2.n2'!E54 -> 0 | M55: ='3.n2'!E54 -> 0 | N55: ='4.n2'!E54 -> 0 | O55: ='5.n3'!E54 -> 0 | P55: ='6.n3э'!E54 -> 0 | Q55: ='7.n2'!E54 -> 0 | R55: ='8.n2'!E54 -> 0 | S55: ='9.n2'!E54 -> 0 | T55: ='10.n3'!E54 -> 0 | AF55: =SUM(Y55:AE55)-Таблица2[[#This Row],[Общее кол-во]] -> -26044.2
A56: 1.1.1.1.1.2.1.14 | B56: 6.3.1.5.2.1.12.2 | C56: Штукатурка стен гипсовыми смесями с предварительной огрунтовкой СКБ / толщ. от 21 до 40 мм / высотой от 4,01 до 8 метров | E56: 2 этаж. Штукатурка по ЖБ. Толщина слоя согласованна с ПГ. | F56: м2 | G56: 1 | H56: 3617.6 | I56: =Таблица2[[#This Row],[Общее кол-во]]-SUM(Таблица2[[#This Row],[1.n]:[12.n]]) -> 991.67152 | J56: =SUM(Таблица2[[#This Row],[1.n]:[12.n]]) -> 2625.9285 | K56: ='1.n2'!E6 -> 410.02 | L56: ='2.n2'!E6 -> 333.82 | M56: ='3.n2'!E6 -> 161.17 | N56: ='4.n2'!E6 -> 361.91848 | Q56: ='7.n2'!E6 -> 724.4 | R56: ='8.n2'!E6 -> 292.2 | S56: ='9.n2'!E6 -> 342.4 | U56: 0 | Y56: 579.2 | Z56: 427.3 | AA56: 293.6 | AB56: 789.2 | AC56: 513.2 | AD56: 397 | AE56: 597.8 | AF56: =SUM(Y56:AE56)-Таблица2[[#This Row],[Общее кол-во]] -> -20.3 | AG56: второй свет театра
A57: 1.1.1.1.1.2.1.14.1 | C57: Штукатурка гипсовая_ / Унифицированная по ПИК-СТАНДАРТ, 30кг | F57: кг | G57: 1 | H57: 126616 | J57: =SUM(Таблица2[[#This Row],[1.n]:[12.n]]) -> 0 | K57: ='1.n2'!E56 -> 0 | L57: ='2.n2'!E56 -> 0 | M57: ='3.n2'!E56 -> 0 | N57: ='4.n2'!E56 -> 0 | O57: ='5.n3'!E56 -> 0 | P57: ='6.n3э'!E56 -> 0 | Q57: ='7.n2'!E56 -> 0 | R57: ='8.n2'!E56 -> 0 | S57: ='9.n2'!E56 -> 0 | T57: ='10.n3'!E56 -> 0 | AF57: =SUM(Y57:AE57)-Таблица2[[#This Row],[Общее кол-во]] -> -126616
A58: 1.1.1.1.1.2.1.14.2 | C58: Профиль маячковый_/ПМ6 | F58: пог. м | G58: 1 | H58: 3617.6 | J58: =SUM(Таблица2[[#This Row],[1.n]:[12.n]]) -> 0 | K58: ='1.n2'!E57 -> 0 | L58: ='2.n2'!E57 -> 0 | M58: ='3.n2'!E57 -> 0 | N58: ='4.n2'!E57 -> 0 | O58: ='5.n3'!E57 -> 0 | P58: ='6.n3э'!E57 -> 0 | Q58: ='7.n2'!E57 -> 0 | R58: ='8.n2'!E57 -> 0 | S58: ='9.n2'!E57 -> 0 | T58: ='10.n3'!E57 -> 0 | AF58: =SUM(Y58:AE58)-Таблица2[[#This Row],[Общее кол-во]] -> -3617.6
A59: 1.1.1.1.1.2.1.14.3 | C59: Грунтовка БЕТОН-КОНТАКТ_/ | F59: кг | G59: 0.25 | H59: 904.4 | J59: =SUM(Таблица2[[#This Row],[1.n]:[12.n]]) -> 0 | K59: ='1.n2'!E58 -> 0 | L59: ='2.n2'!E58 -> 0 | M59: ='3.n2'!E58 -> 0 | N59: ='4.n2'!E58 -> 0 | O59: ='5.n3'!E58 -> 0 | P59: ='6.n3э'!E58 -> 0 | Q59: ='7.n2'!E58 -> 0 | R59: ='8.n2'!E58 -> 0 | S59: ='9.n2'!E58 -> 0 | T59: ='10.n3'!E58 -> 0 | AF59: =SUM(Y59:AE59)-Таблица2[[#This Row],[Общее кол-во]] -> -904.4
A60: 1.1.1.1.1.2.1.15 | B60: 6.3.1.5.2.1.12.2 | C60: Штукатурка стен гипсовыми смесями с предварительной огрунтовкой СКБ / толщ. от 21 до 40 мм / высотой от 4,01 до 8 метров | E60: 2 этаж. Штукатурка по блоку и ПГП. Толщина слоя согласованна с ПГ | F60: м2 | G60: 1 | H60: 4460.8 | I60: =Таблица2[[#This Row],[Общее кол-во]]-SUM(Таблица2[[#This Row],[1.n]:[12.n]]) -> 122.00021 | J60: =SUM(Таблица2[[#This Row],[1.n]:[12.n]]) -> 4338.7998 | K60: ='1.n2'!E10 -> 603.16 | L60: ='2.n2'!E10 -> 502.91 | M60: ='3.n2'!E10 -> 341.47 | N60: ='4.n2'!E10 -> 697.45979 | Q60: ='7.n2'!E10 -> 1148.5 | R60: ='8.n2'!E10 -> 240.6 | S60: ='9.n2'!E10 -> 804.7 | U60: 0 | Y60: 705.8 | Z60: 320 | AA60: 440.8 | AB60: 938.3 | AC60: 805.8 | AD60: 373.6 | AE60: 804.5 | AF60: =SUM(Y60:AE60)-Таблица2[[#This Row],[Общее кол-во]] -> -72 | AG60: второй свет театра
A61: 1.1.1.1.1.2.1.15.1 | C61: Грунтовка универсальный ЛАСТИМИН_ / LP-51 А | F61: кг | G61: 0.15 | H61: 669.12 | J61: =SUM(Таблица2[[#This Row],[1.n]:[12.n]]) -> 0 | K61: ='1.n2'!E60 -> 0 | L61: ='2.n2'!E60 -> 0 | M61: ='3.n2'!E60 -> 0 | N61: ='4.n2'!E60 -> 0 | O61: ='5.n3'!E60 -> 0 | P61: ='6.n3э'!E60 -> 0 | Q61: ='7.n2'!E60 -> 0 | R61: ='8.n2'!E60 -> 0 | S61: ='9.n2'!E60 -> 0 | T61: ='10.n3'!E60 -> 0 | AF61: =SUM(Y61:AE61)-Таблица2[[#This Row],[Общее кол-во]] -> -669.12
A62: 1.1.1.1.1.2.1.15.2 | C62: Профиль маячковый_/ПМ6 | F62: пог. м | G62: 1 | H62: 4460.8 | J62: =SUM(Таблица2[[#This Row],[1.n]:[12.n]]) -> 0 | K62: ='1.n2'!E61 -> 0 | L62: ='2.n2'!E61 -> 0 | M62: ='3.n2'!E61 -> 0 | N62: ='4.n2'!E61 -> 0 | O62: ='5.n3'!E61 -> 0 | P62: ='6.n3э'!E61 -> 0 | Q62: ='7.n2'!E61 -> 0 | R62: ='8.n2'!E61 -> 0 | S62: ='9.n2'!E61 -> 0 | T62: ='10.n3'!E61 -> 0 | AF62: =SUM(Y62:AE62)-Таблица2[[#This Row],[Общее кол-во]] -> -4460.8
A63: 1.1.1.1.1.2.1.15.3 | C63: Штукатурка гипсовая_ / Унифицированная по ПИК-СТАНДАРТ, 30кг | F63: кг | G63: 1 | H63: 156128 | J63: =SUM(Таблица2[[#This Row],[1.n]:[12.n]]) -> 0 | K63: ='1.n2'!E62 -> 0 | L63: ='2.n2'!E62 -> 0 | M63: ='3.n2'!E62 -> 0 | N63: ='4.n2'!E62 -> 0 | O63: ='5.n3'!E62 -> 0 | P63: ='6.n3э'!E62 -> 0 | Q63: ='7.n2'!E62 -> 0 | R63: ='8.n2'!E62 -> 0 | S63: ='9.n2'!E62 -> 0 | T63: ='10.n3'!E62 -> 0 | AF63: =SUM(Y63:AE63)-Таблица2[[#This Row],[Общее кол-во]] -> -156128
A64: 1.1.1.1.1.2.1.16 | B64: 6.3.1.5.2.1.12.2 | C64: Штукатурка стен гипсовыми смесями с предварительной огрунтовкой СКБ / толщ. от 21 до 40 мм / высотой от 4,01 до 8 метров | E64: 3 этаж. Штукатурка по ЖБ. Толщина слоя согласованна с ПГ. | F64: м2 | G64: 1 | H64: 3125.2 | I64: =Таблица2[[#This Row],[Общее кол-во]]-SUM(Таблица2[[#This Row],[1.n]:[12.n]]) -> 741.76046 | J64: =SUM(Таблица2[[#This Row],[1.n]:[12.n]]) -> 2383.4395 | O64: ='5.n3'!E6 -> 1389.7395 | P64: ='6.n3э'!E6 -> 719.9 | T64: ='10.n3'!E6 -> 273.8 | V64: 0 | Y64: 572.2 | Z64: 516.6 | AA64: 118.4 | AB64: 466.7 | AC64: 480.5 | AD64: 377.2 | AE64: 593.6 | AF64: =SUM(Y64:AE64)-Таблица2[[#This Row],[Общее кол-во]] -> 0
A65: 1.1.1.1.1.2.1.16.1 | C65: Штукатурка гипсовая_ / Унифицированная по ПИК-СТАНДАРТ, 30кг | F65: кг | G65: 1 | H65: 109382 | J65: =SUM(Таблица2[[#This Row],[1.n]:[12.n]]) -> 2.9 | K65: ='1.n2'!E64 -> 0 | L65: ='2.n2'!E64 -> 0 | M65: ='3.n2'!E64 -> 0 | N65: ='4.n2'!E64 -> 0 | O65: ='5.n3'!E64 -> 0 | P65: ='6.n3э'!E64 -> 0 | Q65: ='7.n2'!E64 -> 0 | R65: ='8.n2'!E64 -> 0 | S65: ='9.n2'!E64 -> 0 | T65: ='10.n3'!E15 -> 2.9 | AF65: =SUM(Y65:AE65)-Таблица2[[#This Row],[Общее кол-во]] -> -109382
A66: 1.1.1.1.1.2.1.16.2 | C66: Профиль маячковый_/ПМ6 | F66: пог. м | G66: 1 | H66: 3125.2 | J66: =SUM(Таблица2[[#This Row],[1.n]:[12.n]]) -> 0 | K66: ='1.n2'!E65 -> 0 | L66: ='2.n2'!E65 -> 0 | M66: ='3.n2'!E65 -> 0 | N66: ='4.n2'!E65 -> 0 | O66: ='5.n3'!E65 -> 0 | P66: ='6.n3э'!E65 -> 0 | Q66: ='7.n2'!E65 -> 0 | R66: ='8.n2'!E65 -> 0 | S66: ='9.n2'!E65 -> 0 | T66: ='10.n3'!E65 -> 0 | AF66: =SUM(Y66:AE66)-Таблица2[[#This Row],[Общее кол-во]] -> -3125.2
A67: 1.1.1.1.1.2.1.16.3 | C67: Грунтовка БЕТОН-КОНТАКТ_/ | F67: кг | G67: 0.25 | H67: 781.3 | J67: =SUM(Таблица2[[#This Row],[1.n]:[12.n]]) -> 0 | K67: ='1.n2'!E66 -> 0 | L67: ='2.n2'!E66 -> 0 | M67: ='3.n2'!E66 -> 0 | N67: ='4.n2'!E66 -> 0 | O67: ='5.n3'!E66 -> 0 | P67: ='6.n3э'!E66 -> 0 | Q67: ='7.n2'!E66 -> 0 | R67: ='8.n2'!E66 -> 0 | S67: ='9.n2'!E66 -> 0 | T67: ='10.n3'!E66 -> 0 | AF67: =SUM(Y67:AE67)-Таблица2[[#This Row],[Общее кол-во]] -> -781.3
A68: 1.1.1.1.1.2.1.17 | B68: 6.3.1.5.2.1.12.2 | C68: Штукатурка стен гипсовыми смесями с предварительной огрунтовкой СКБ / толщ. от 21 до 40 мм / высотой от 4,01 до 8 метров | E68: 3 этаж. Штукатурка по блоку и ПГП. Толщина слоя согласованна с ПГ | F68: м2 | G68: 1 | H68: 4198.8 | I68: =Таблица2[[#This Row],[Общее кол-во]]-SUM(Таблица2[[#This Row],[1.n]:[12.n]]) -> -421.80192 | J68: =SUM(Таблица2[[#This Row],[1.n]:[12.n]]) -> 4620.6019 | O68: ='5.n3'!E10 -> 2747.8019 | P68: ='6.n3э'!E10 -> 918.5 | T68: ='10.n3'!E10 -> 954.3 | V68: 0 | Y68: 944.6 | Z68: 493.4 | AA68: 243.7 | AB68: 826.4 | AC68: 675.4 | AD68: 387.8 | AE68: 601.6 | AF68: =SUM(Y68:AE68)-Таблица2[[#This Row],[Общее кол-во]] -> -25.9
A69: 1.1.1.1.1.2.1.17.1 | C69: Грунтовка универсальный ЛАСТИМИН_ / LP-51 А | F69: кг | G69: 0.15 | H69: 629.82 | J69: =SUM(Таблица2[[#This Row],[1.n]:[12.n]]) -> 0 | K69: ='1.n2'!E68 -> 0 | L69: ='2.n2'!E68 -> 0 | M69: ='3.n2'!E68 -> 0 | N69: ='4.n2'!E68 -> 0 | O69: ='5.n3'!E68 -> 0 | P69: ='6.n3э'!E68 -> 0 | Q69: ='7.n2'!E68 -> 0 | R69: ='8.n2'!E68 -> 0 | S69: ='9.n2'!E68 -> 0 | T69: ='10.n3'!E68 -> 0
A70: 1.1.1.1.1.2.1.17.2 | C70: Профиль маячковый_/ПМ6 | F70: пог. м | G70: 1 | H70: 4198.8 | J70: =SUM(Таблица2[[#This Row],[1.n]:[12.n]]) -> 0 | K70: ='1.n2'!E69 -> 0 | L70: ='2.n2'!E69 -> 0 | M70: ='3.n2'!E69 -> 0 | N70: ='4.n2'!E69 -> 0 | O70: ='5.n3'!E69 -> 0 | P70: ='6.n3э'!E69 -> 0 | Q70: ='7.n2'!E69 -> 0 | R70: ='8.n2'!E69 -> 0 | S70: ='9.n2'!E69 -> 0 | T70: ='10.n3'!E69 -> 0
A71: 1.1.1.1.1.2.1.17.3 | C71: Штукатурка гипсовая_ / Унифицированная по ПИК-СТАНДАРТ, 30кг | F71: кг | G71: 1 | H71: 146958 | J71: =SUM(Таблица2[[#This Row],[1.n]:[12.n]]) -> 0 | K71: ='1.n2'!E70 -> 0 | L71: ='2.n2'!E70 -> 0 | M71: ='3.n2'!E70 -> 0 | N71: ='4.n2'!E70 -> 0 | O71: ='5.n3'!E70 -> 0 | P71: ='6.n3э'!E70 -> 0 | Q71: ='7.n2'!E70 -> 0 | R71: ='8.n2'!E70 -> 0 | S71: ='9.n2'!E70 -> 0 | T71: ='10.n3'!E70 -> 0
A72: 1.1.1.1.1.2.2 | B72: 6.3.1.5.2.2 | C72: Чистовые работы по поверхности стен | I72: =Таблица2[[#This Row],[Общее кол-во]]-SUM(Таблица2[[#This Row],[1.n]:[12.n]]) -> 0 | J72: =SUM(Таблица2[[#This Row],[1.n]:[12.n]]) -> 0
A73: 1.1.1.1.1.2.2.1 | B73: 6.3.1.5.2.2.2.1 | C73: Облицовка поверхности стен с предварительной огрунтовкой и затиркой швов / керамической плиткой | E73: 2 этаж | F73: м2 | G73: 1 | H73: 0 | J73: =SUM(Таблица2[[#This Row],[1.n]:[12.n]]) -> 0 | K73: ='1.n2'!E72 -> 0 | L73: ='2.n2'!E72 -> 0 | M73: ='3.n2'!E72 -> 0 | N73: ='4.n2'!E72 -> 0 | O73: ='5.n3'!E72 -> 0 | P73: ='6.n3э'!E72 -> 0 | Q73: ='7.n2'!E72 -> 0 | R73: ='8.n2'!E72 -> 0 | S73: ='9.n2'!E72 -> 0 | T73: ='10.n3'!E72 -> 0
A74: 1.1.1.1.1.2.2.1.1 | C74: Профиль для внешнего угла, ПО Г10 2700х20мм / серебро матовое / 2700*30 | F74: пог. м | G74: 0.23 | H74: 0 | J74: =SUM(Таблица2[[#This Row],[1.n]:[12.n]]) -> 0 | K74: ='1.n2'!E73 -> 0 | L74: ='2.n2'!E73 -> 0 | M74: ='3.n2'!E73 -> 0 | N74: ='4.n2'!E73 -> 0 | O74: ='5.n3'!E73 -> 0 | P74: ='6.n3э'!E73 -> 0 | Q74: ='7.n2'!E73 -> 0 | R74: ='8.n2'!E73 -> 0 | S74: ='9.n2'!E73 -> 0 | T74: ='10.n3'!E73 -> 0
A75: 1.1.1.1.1.2.2.1.2 | C75: Плиточный клей_ / Унифицированный по ПИК-СТАНДАРТ | E75: Клей для плитки Стройбриг Базакс АС10 серый класс С0 Т 25 кг | F75: кг | G75: 1.2 | H75: 0 | J75: =SUM(Таблица2[[#This Row],[1.n]:[12.n]]) -> 0 | K75: ='1.n2'!E74 -> 0 | L75: ='2.n2'!E74 -> 0 | M75: ='3.n2'!E74 -> 0 | N75: ='4.n2'!E74 -> 0 | O75: ='5.n3'!E74 -> 0 | P75: ='6.n3э'!E74 -> 0 | Q75: ='7.n2'!E74 -> 0 | R75: ='8.n2'!E74 -> 0 | S75: ='9.n2'!E74 -> 0 | T75: ='10.n3'!E74 -> 0
A76: 1.1.1.1.1.2.2.1.3 | C76: Керамический гранит Kerama marazzi_ / Серый / 1537/ Калейдоскоп / 200х200 | E76: Плитка керамическая Kerama Marazzi 200х200х6,9 мм, Калейдоскоп 5281, 5187, 5009, 5111 цвет - аквамарин светлый, , | F76: м2 | G76: 1.07 | H76: 0 | J76: =SUM(Таблица2[[#This Row],[1.n]:[12.n]]) -> 0 | K76: ='1.n2'!E75 -> 0 | L76: ='2.n2'!E75 -> 0 | M76: ='3.n2'!E75 -> 0 | N76: ='4.n2'!E75 -> 0 | O76: ='5.n3'!E75 -> 0 | P76: ='6.n3э'!E75 -> 0 | Q76: ='7.n2'!E75 -> 0 | R76: ='8.n2'!E75 -> 0 | S76: ='9.n2'!E75 -> 0 | T76: ='10.n3'!E75 -> 0
A77: 1.1.1.1.1.2.2.1.4 | C77: Затирка Цезерит СE33_/04 серебристо-серый | F77: кг | G77: 0.25 | H77: 0 | J77: =SUM(Таблица2[[#This Row],[1.n]:[12.n]]) -> 0 | K77: ='1.n2'!E76 -> 0 | L77: ='2.n2'!E76 -> 0 | M77: ='3.n2'!E76 -> 0 | N77: ='4.n2'!E76 -> 0 | O77: ='5.n3'!E76 -> 0 | P77: ='6.n3э'!E76 -> 0 | Q77: ='7.n2'!E76 -> 0 | R77: ='8.n2'!E76 -> 0 | S77: ='9.n2'!E76 -> 0 | T77: ='10.n3'!E76 -> 0
A78: 1.1.1.1.1.2.2.1.5 | C78: Грунтовка _ / универсальная водно-дисперсионная | F78: кг | G78: 0.15 | H78: 0 | J78: =SUM(Таблица2[[#This Row],[1.n]:[12.n]]) -> 0 | K78: ='1.n2'!E77 -> 0 | L78: ='2.n2'!E77 -> 0 | M78: ='3.n2'!E77 -> 0 | N78: ='4.n2'!E77 -> 0 | O78: ='5.n3'!E77 -> 0 | P78: ='6.n3э'!E77 -> 0 | Q78: ='7.n2'!E77 -> 0 | R78: ='8.n2'!E77 -> 0 | S78: ='9.n2'!E77 -> 0 | T78: ='10.n3'!E77 -> 0
A79: 1.1.1.1.1.2.2.2 | B79: 6.3.1.5.2.2.2.1 | C79: Облицовка поверхности стен с предварительной огрунтовкой и затиркой швов / керамической плиткой | E79: 2 этаж | F79: м2 | G79: 1 | H79: 0 | J79: =SUM(Таблица2[[#This Row],[1.n]:[12.n]]) -> 0 | K79: ='1.n2'!E78 -> 0 | L79: ='2.n2'!E78 -> 0 | M79: ='3.n2'!E78 -> 0 | N79: ='4.n2'!E78 -> 0 | O79: ='5.n3'!E78 -> 0 | P79: ='6.n3э'!E78 -> 0 | Q79: ='7.n2'!E78 -> 0 | R79: ='8.n2'!E78 -> 0 | S79: ='9.n2'!E78 -> 0 | T79: ='10.n3'!E78 -> 0
A80: 1.1.1.1.1.2.2.2.1 | C80: Грунтовка _ / универсальная водно-дисперсионная | F80: кг | G80: 0.15 | H80: 0 | J80: =SUM(Таблица2[[#This Row],[1.n]:[12.n]]) -> 0 | K80: ='1.n2'!E79 -> 0 | L80: ='2.n2'!E79 -> 0 | M80: ='3.n2'!E79 -> 0 | N80: ='4.n2'!E79 -> 0 | O80: ='5.n3'!E79 -> 0 | P80: ='6.n3э'!E79 -> 0 | Q80: ='7.n2'!E79 -> 0 | R80: ='8.n2'!E79 -> 0 | S80: ='9.n2'!E79 -> 0 | T80: ='10.n3'!E79 -> 0
A81: 1.1.1.1.1.2.2.2.2 | C81: Затирка Цезерит СE33_ / 10 манхетен. | E81: затирка Ceresit 07 | F81: кг | G81: 0.25 | H81: 0 | J81: =SUM(Таблица2[[#This Row],[1.n]:[12.n]]) -> 0 | K81: ='1.n2'!E80 -> 0 | L81: ='2.n2'!E80 -> 0 | M81: ='3.n2'!E80 -> 0 | N81: ='4.n2'!E80 -> 0 | O81: ='5.n3'!E80 -> 0 | P81: ='6.n3э'!E80 -> 0 | Q81: ='7.n2'!E80 -> 0 | R81: ='8.n2'!E80 -> 0 | S81: ='9.n2'!E80 -> 0 | T81: ='10.n3'!E80 -> 0
A82: 1.1.1.1.1.2.2.2.3 | C82: Керамическая плитка Pietra Pienza_ / светло-серый Матовый / K909010R0001VTP0/настенная / 300*600*8мм | E82: Плитка керамическая Kerama Marazzi Мечты о Париже 11259R, цвет - светло-серый 600х300х9мм (не ниже КМ3) | F82: м2 | G82: 1.07 | H82: 0 | J82: =SUM(Таблица2[[#This Row],[1.n]:[12.n]]) -> 0 | K82: ='1.n2'!E81 -> 0 | L82: ='2.n2'!E81 -> 0 | M82: ='3.n2'!E81 -> 0 | N82: ='4.n2'!E81 -> 0 | O82: ='5.n3'!E81 -> 0 | P82: ='6.n3э'!E81 -> 0 | Q82: ='7.n2'!E81 -> 0 | R82: ='8.n2'!E81 -> 0 | S82: ='9.n2'!E81 -> 0 | T82: ='10.n3'!E81 -> 0
A83: 1.1.1.1.1.2.2.2.4 | C83: Плиточный клей_ / Унифицированный по ПИК-СТАНДАРТ | E83: Клей для плитки Стройбриг Базакс АС10 серый класс С0 Т 25 кг | F83: кг | G83: 1.2 | H83: 0 | J83: =SUM(Таблица2[[#This Row],[1.n]:[12.n]]) -> 0 | K83: ='1.n2'!E82 -> 0 | L83: ='2.n2'!E82 -> 0 | M83: ='3.n2'!E82 -> 0 | N83: ='4.n2'!E82 -> 0 | O83: ='5.n3'!E82 -> 0 | P83: ='6.n3э'!E82 -> 0 | Q83: ='7.n2'!E82 -> 0 | R83: ='8.n2'!E82 -> 0 | S83: ='9.n2'!E82 -> 0 | T83: ='10.n3'!E82 -> 0
A84: 1.1.1.1.1.2.2.2.5 | C84: Профиль для внешнего угла, ПО Г10 2700х20мм / серебро матовое / 2700*30 | F84: пог. м | G84: 0.23 | H84: 0 | J84: =SUM(Таблица2[[#This Row],[1.n]:[12.n]]) -> 0 | K84: ='1.n2'!E83 -> 0 | L84: ='2.n2'!E83 -> 0 | M84: ='3.n2'!E83 -> 0 | N84: ='4.n2'!E83 -> 0 | O84: ='5.n3'!E83 -> 0 | P84: ='6.n3э'!E83 -> 0 | Q84: ='7.n2'!E83 -> 0 | R84: ='8.n2'!E83 -> 0 | S84: ='9.n2'!E83 -> 0 | T84: ='10.n3'!E83 -> 0
A85: 1.1.1.1.1.2.2.3 | B85: 6.3.1.5.2.2.3.1 | C85: Окраска поверхности стен с предварительной огрунтовкой / в 2 слоя | E85: 2 этаж | F85: м2 | G85: 1 | H85: 0 | J85: =SUM(Таблица2[[#This Row],[1.n]:[12.n]]) -> 0 | K85: ='1.n2'!E84 -> 0 | L85: ='2.n2'!E84 -> 0 | M85: ='3.n2'!E84 -> 0 | N85: ='4.n2'!E84 -> 0 | O85: ='5.n3'!E84 -> 0 | P85: ='6.n3э'!E84 -> 0 | Q85: ='7.n2'!E84 -> 0 | R85: ='8.n2'!E84 -> 0 | S85: ='9.n2'!E84 -> 0 | T85: ='10.n3'!E84 -> 0
A86: 1.1.1.1.1.2.2.3.1 | C86: Грунтовка универсальный ЛАСТИМИН_ / LP-51 А | F86: кг | G86: 0.15 | H86: 0 | J86: =SUM(Таблица2[[#This Row],[1.n]:[12.n]]) -> 0 | K86: ='1.n2'!E85 -> 0 | L86: ='2.n2'!E85 -> 0 | M86: ='3.n2'!E85 -> 0 | N86: ='4.n2'!E85 -> 0 | O86: ='5.n3'!E85 -> 0 | P86: ='6.n3э'!E85 -> 0 | Q86: ='7.n2'!E85 -> 0 | R86: ='8.n2'!E85 -> 0 | S86: ='9.n2'!E85 -> 0 | T86: ='10.n3'!E85 -> 0
A87: 1.1.1.1.1.2.2.3.2 | C87: Краска водно-дисперсионная интерьерная Латексная, моющаяся Матовая, Г1(КМ1), RAL 9003 | E87: Матовая водно-дисперсионная краска для высококачественной отделки Antega Строитель моющаяся, цвет - белый RAL 9003, КМ1 | F87: кг | G87: 0.3 | H87: 0 | J87: =SUM(Таблица2[[#This Row],[1.n]:[12.n]]) -> 0 | K87: ='1.n2'!E86 -> 0 | L87: ='2.n2'!E86 -> 0 | M87: ='3.n2'!E86 -> 0 | N87: ='4.n2'!E86 -> 0 | O87: ='5.n3'!E86 -> 0 | P87: ='6.n3э'!E86 -> 0 | Q87: ='7.n2'!E86 -> 0 | R87: ='8.n2'!E86 -> 0 | S87: ='9.n2'!E86 -> 0 | T87: ='10.n3'!E86 -> 0
A88: 1.1.1.1.1.2.2.4 | B88: 6.3.1.5.2.2.3.1 | C88: Окраска поверхности стен с предварительной огрунтовкой / в 2 слоя | E88: 2 этаж | F88: м2 | G88: 1 | H88: 0 | J88: =SUM(Таблица2[[#This Row],[1.n]:[12.n]]) -> 0 | K88: ='1.n2'!E87 -> 0 | L88: ='2.n2'!E87 -> 0 | M88: ='3.n2'!E87 -> 0 | N88: ='4.n2'!E87 -> 0 | O88: ='5.n3'!E87 -> 0 | P88: ='6.n3э'!E87 -> 0 | Q88: ='7.n2'!E87 -> 0 | R88: ='8.n2'!E87 -> 0 | S88: ='9.n2'!E87 -> 0 | T88: ='10.n3'!E87 -> 0
A89: 1.1.1.1.1.2.2.4.1 | C89: Краска водно-дисперсионная интерьерная Акриловая, моющаяся Матовая, Г1(КМ1), RAL 7035 | E89: Матовая водно-дисперсионная краска для высококачественной отделки Antega Строитель моющаяся, цвет - NCS 1502-Y, КМ1 | F89: кг | G89: 0.3 | H89: 0 | J89: =SUM(Таблица2[[#This Row],[1.n]:[12.n]]) -> 0 | K89: ='1.n2'!E88 -> 0 | L89: ='2.n2'!E88 -> 0 | M89: ='3.n2'!E88 -> 0 | N89: ='4.n2'!E88 -> 0 | O89: ='5.n3'!E88 -> 0 | P89: ='6.n3э'!E88 -> 0 | Q89: ='7.n2'!E88 -> 0 | R89: ='8.n2'!E88 -> 0 | S89: ='9.n2'!E88 -> 0 | T89: ='10.n3'!E88 -> 0
A90: 1.1.1.1.1.2.2.4.2 | C90: Грунтовка универсальный ЛАСТИМИН_ / LP-51 А | F90: кг | G90: 0.15 | H90: 0 | J90: =SUM(Таблица2[[#This Row],[1.n]:[12.n]]) -> 0 | K90: ='1.n2'!E89 -> 0 | L90: ='2.n2'!E89 -> 0 | M90: ='3.n2'!E89 -> 0 | N90: ='4.n2'!E89 -> 0 | O90: ='5.n3'!E89 -> 0 | P90: ='6.n3э'!E89 -> 0 | Q90: ='7.n2'!E89 -> 0 | R90: ='8.n2'!E89 -> 0 | S90: ='9.n2'!E89 -> 0 | T90: ='10.n3'!E89 -> 0
A91: 1.1.1.1.1.2.2.5 | B91: 6.3.1.5.2.2.3.1 | C91: Окраска поверхности стен с предварительной огрунтовкой / в 2 слоя | E91: 2 этаж | F91: м2 | G91: 1 | H91: 0 | J91: =SUM(Таблица2[[#This Row],[1.n]:[12.n]]) -> 0 | K91: ='1.n2'!E90 -> 0 | L91: ='2.n2'!E90 -> 0 | M91: ='3.n2'!E90 -> 0 | N91: ='4.n2'!E90 -> 0 | O91: ='5.n3'!E90 -> 0 | P91: ='6.n3э'!E90 -> 0 | Q91: ='7.n2'!E90 -> 0 | R91: ='8.n2'!E90 -> 0 | S91: ='9.n2'!E90 -> 0 | T91: ='10.n3'!E90 -> 0
A92: 1.1.1.1.1.2.2.5.1 | C92: Грунтовка универсальный ЛАСТИМИН_ / LP-51 А | F92: кг | G92: 0.15 | H92: 0 | J92: =SUM(Таблица2[[#This Row],[1.n]:[12.n]]) -> 0 | K92: ='1.n2'!E91 -> 0 | L92: ='2.n2'!E91 -> 0 | M92: ='3.n2'!E91 -> 0 | N92: ='4.n2'!E91 -> 0 | O92: ='5.n3'!E91 -> 0 | P92: ='6.n3э'!E91 -> 0 | Q92: ='7.n2'!E91 -> 0 | R92: ='8.n2'!E91 -> 0 | S92: ='9.n2'!E91 -> 0 | T92: ='10.n3'!E91 -> 0
A93: 1.1.1.1.1.2.2.5.2 | C93: Краска огнестойкая / NCS S 0570-Y10R / Protect Decor КМ0 | E93: Огнестойкая краска матовая Antega Строитель НГ, цвет - белый RAL 9003, КМ0 | F93: кг | G93: 0.3 | H93: 0 | J93: =SUM(Таблица2[[#This Row],[1.n]:[12.n]]) -> 0 | K93: ='1.n2'!E92 -> 0 | L93: ='2.n2'!E92 -> 0 | M93: ='3.n2'!E92 -> 0 | N93: ='4.n2'!E92 -> 0 | O93: ='5.n3'!E92 -> 0 | P93: ='6.n3э'!E92 -> 0 | Q93: ='7.n2'!E92 -> 0 | R93: ='8.n2'!E92 -> 0 | S93: ='9.n2'!E92 -> 0 | T93: ='10.n3'!E92 -> 0
A94: 1.1.1.1.1.2.2.6 | B94: 6.3.1.5.2.2.3.1 | C94: Окраска поверхности стен с предварительной огрунтовкой / в 2 слоя | E94: 2 этаж | F94: м2 | G94: 1 | H94: 0 | J94: =SUM(Таблица2[[#This Row],[1.n]:[12.n]]) -> 0 | K94: ='1.n2'!E93 -> 0 | L94: ='2.n2'!E93 -> 0 | M94: ='3.n2'!E93 -> 0 | N94: ='4.n2'!E93 -> 0 | O94: ='5.n3'!E93 -> 0 | P94: ='6.n3э'!E93 -> 0 | Q94: ='7.n2'!E93 -> 0 | R94: ='8.n2'!E93 -> 0 | S94: ='9.n2'!E93 -> 0 | T94: ='10.n3'!E93 -> 0
A95: 1.1.1.1.1.2.2.6.1 | C95: Краска водно-дисперсионная интерьерная Акриловая, моющаяся Матовая, Г1(КМ1), RAL 7035 | E95: Матовая водно-дисперсионная краска для высококачественной отделки Antega Строитель моющаяся, цвет - голубой RAL NCS S 2030-R80B, КМ1 | F95: кг | G95: 0.3 | H95: 0 | J95: =SUM(Таблица2[[#This Row],[1.n]:[12.n]]) -> 0 | K95: ='1.n2'!E94 -> 0 | L95: ='2.n2'!E94 -> 0 | M95: ='3.n2'!E94 -> 0 | N95: ='4.n2'!E94 -> 0 | O95: ='5.n3'!E94 -> 0 | P95: ='6.n3э'!E94 -> 0 | Q95: ='7.n2'!E94 -> 0 | R95: ='8.n2'!E94 -> 0 | S95: ='9.n2'!E94 -> 0 | T95: ='10.n3'!E94 -> 0
A96: 1.1.1.1.1.2.2.6.2 | C96: Грунтовка универсальный ЛАСТИМИН_ / LP-51 А | F96: кг | G96: 0.15 | H96: 0 | J96: =SUM(Таблица2[[#This Row],[1.n]:[12.n]]) -> 0 | K96: ='1.n2'!E95 -> 0 | L96: ='2.n2'!E95 -> 0 | M96: ='3.n2'!E95 -> 0 | N96: ='4.n2'!E95 -> 0 | O96: ='5.n3'!E95 -> 0 | P96: ='6.n3э'!E95 -> 0 | Q96: ='7.n2'!E95 -> 0 | R96: ='8.n2'!E95 -> 0 | S96: ='9.n2'!E95 -> 0 | T96: ='10.n3'!E95 -> 0
A97: 1.1.1.1.1.2.2.7 | B97: 6.3.1.5.2.2.3.1 | C97: Окраска поверхности стен с предварительной огрунтовкой / в 2 слоя | E97: 2 этаж | F97: м2 | G97: 1 | H97: 0 | J97: =SUM(Таблица2[[#This Row],[1.n]:[12.n]]) -> 0 | K97: ='1.n2'!E96 -> 0 | L97: ='2.n2'!E96 -> 0 | M97: ='3.n2'!E96 -> 0 | N97: ='4.n2'!E96 -> 0 | O97: ='5.n3'!E96 -> 0 | P97: ='6.n3э'!E96 -> 0 | Q97: ='7.n2'!E96 -> 0 | R97: ='8.n2'!E96 -> 0 | S97: ='9.n2'!E96 -> 0 | T97: ='10.n3'!E96 -> 0
A98: 1.1.1.1.1.2.2.7.1 | C98: Грунтовка универсальный ЛАСТИМИН_ / LP-51 А | F98: кг | G98: 0.15 | H98: 0 | J98: =SUM(Таблица2[[#This Row],[1.n]:[12.n]]) -> 0 | K98: ='1.n2'!E97 -> 0 | L98: ='2.n2'!E97 -> 0 | M98: ='3.n2'!E97 -> 0 | N98: ='4.n2'!E97 -> 0 | O98: ='5.n3'!E97 -> 0 | P98: ='6.n3э'!E97 -> 0 | Q98: ='7.n2'!E97 -> 0 | R98: ='8.n2'!E97 -> 0 | S98: ='9.n2'!E97 -> 0 | T98: ='10.n3'!E97 -> 0
A99: 1.1.1.1.1.2.2.7.2 | C99: Краска водно-дисперсионная интерьерная Акриловая, моющаяся Матовая, Г1(КМ1), RAL 7035 | E99: Матовая водно-дисперсионная краска для высококачественной отделки Antega Строитель моющаяся, цвет - зеленый RAL NCS S 2060-G40Y, КМ1 | F99: кг | G99: 0.3 | H99: 0 | J99: =SUM(Таблица2[[#This Row],[1.n]:[12.n]]) -> 0 | K99: ='1.n2'!E98 -> 0 | L99: ='2.n2'!E98 -> 0 | M99: ='3.n2'!E98 -> 0 | N99: ='4.n2'!E98 -> 0 | O99: ='5.n3'!E98 -> 0 | P99: ='6.n3э'!E98 -> 0 | Q99: ='7.n2'!E98 -> 0 | R99: ='8.n2'!E98 -> 0 | S99: ='9.n2'!E98 -> 0 | T99: ='10.n3'!E98 -> 0
A100: 1.1.1.1.1.2.2.8 | B100: 6.3.1.5.2.2.3.1 | C100: Окраска поверхности стен с предварительной огрунтовкой / в 2 слоя | E100: 2 этаж | F100: м2 | G100: 1 | H100: 0 | J100: =SUM(Таблица2[[#This Row],[1.n]:[12.n]]) -> 0 | K100: ='1.n2'!E99 -> 0 | L100: ='2.n2'!E99 -> 0 | M100: ='3.n2'!E99 -> 0 | N100: ='4.n2'!E99 -> 0 | O100: ='5.n3'!E99 -> 0 | P100: ='6.n3э'!E99 -> 0 | Q100: ='7.n2'!E99 -> 0 | R100: ='8.n2'!E99 -> 0 | S100: ='9.n2'!E99 -> 0 | T100: ='10.n3'!E99 -> 0
...

Sheet Table 1
A1: Ведомость отделки помещений 2 этажа (начало)
A2: Номер помещени я | B2: Наименование помещения | C2: Номер секции | D2: ЧЕРНОВАЯ ОТДЕЛКА СТЕН ИЛИ ПЕРЕГОРОДОК
D3: Железобетон | F3: Кирпич | H3: Газобетон | J3: ГСП | L3: ПГП | N3: Утеплитель | P3: Финишный слой
D4: Вид отделки | E4: Площадь, м² | F4: Вид отделки | G4: Площадь, м² | H4: Вид отделки | I4: Площадь, м² | J4: Вид отделки | K4: Площадь, м² | L4: Вид отделки | M4: Площадь, м² | N4: Вид отделки | O4: Площадь, м² | P4: Вид отделки | Q4: Площадь, м² | R4: Столбец1 | S4: по ж/б поверхностям | T4: по газобетонному блоку и ПГП | U4: Итог
A5: Столбец1 | B5: Столбец2 | C5: Столбец22 | D5: Столбец3 | E5: Столбец4 | F5: Столбец5 | G5: Столбец6 | H5: Столбец7 | I5: Столбец8 | J5: Столбец9 | K5: Столбец10 | L5: Столбец11 | M5: Столбец13 | N5: Столбец14 | O5: Столбец15 | P5: Столбец16 | Q5: Столбец17 | R5: Помещения: | S5: Объем, м² | T5: Объем, м²
A6: 2001 | B6: Универсальное помещение с возможностью проведения занятий во внеурочное время, в том числе для групп продленного дня | C6: 1 | D6: - грунтовка "Бетоноконтакт"; - гипсовая штукатурка; - грунтовка глубокого проникновения; - шпатлёвка; - грунтовка глубокого проникновения δ = 25 мм | E6: 72.7 | F6: - | G6: 0 | H6: - грунтовка глубокого проникновения; - гипсовая штукатурка; - грунтовка глубокого проникновения; - шпатлёвка; - грунтовка глубокого проникновения δ = 25 мм | I6: 33 | J6: - | K6: 0 | L6: - грунтовка глубокого проникновения; - гипсовая штукатурка; - грунтовка глубокого проникновения; - шпатлёвка; - грунтовка глубокого проникновения δ = 25 мм | M6: 19.5 | N6: - | O6: 0 | P6: см. раздел АИ | Q6: 125.2 | R6: =Таблица3[[#This Row],[Столбец1]] -> 2001 | S6: =ROUND(Таблица3[[#This Row],[Столбец4]] *0.99 - RANDBETWEEN(1, 3) - RANDBETWEEN(1,10) / 10, 1) -> 70.1 | T6: =ROUND(SUM(Таблица3[[#This Row],[Столбец6]:[Столбец13]]) * 0.99 - RANDBETWEEN(1, 3) - RANDBETWEEN(1,10) / 10, 1) -> 48.4 | U6: =SUM(S6:T6) -> 118.5
A7: 2002 | B7: Универсальное помещение с возможностью проведения занятий во внеурочное время, в том числе для групп продленного дня | C7: 1 | D7: - грунтовка "Бетоноконтакт"; - гипсовая штукатурка; - грунтовка глубокого проникновения; - шпатлёвка; - грунтовка глубокого проникновения δ = 25 мм | E7: 53.1 | F7: - | G7: 0 | H7: - грунтовка глубокого проникновения; - гипсовая штукатурка; - грунтовка глубокого проникновения; - шпатлёвка; - грунтовка глубокого проникновения δ = 25 мм | I7: 43.1 | J7: - | K7: 0 | L7: - грунтовка глубокого проникновения; - гипсовая штукатурка; - грунтовка глубокого проникновения; - шпатлёвка; - грунтовка глубокого проникновения δ = 25 мм | M7: 19.3 | N7: - | O7: 0 | P7: см. раздел АИ | Q7: 115.4 | R7: =Таблица3[[#This Row],[Столбец1]] -> 2002 | S7: =ROUND(Таблица3[[#This Row],[Столбец4]] *0.99 - RANDBETWEEN(1, 3) - RANDBETWEEN(1,10) / 10, 1) -> 50.9 | T7: =ROUND(SUM(Таблица3[[#This Row],[Столбец6]:[Столбец13]]) * 0.99 - RANDBETWEEN(1, 3) - RANDBETWEEN(1,10) / 10, 1) -> 59.6 | U7: =SUM(S7:T7) -> 110.5
A8: 2003 | B8: Рекреация начальных классов (с коридором) | C8: 1 | D8: - грунтовка "Бетоноконтакт"; - гипсовая штукатурка; - грунтовка глубокого проникновения; - шпатлёвка; - грунтовка глубокого проникновения δ = 25 мм | E8: 144.8 | F8: - | G8: 0 | H8: - грунтовка глубокого проникновения; - гипсовая штукатурка; - грунтовка глубокого проникновения; - шпатлёвка; - грунтовка глубокого проникновения δ = 25 мм | I8: 149.1 | J8: - | K8: 0 | L8: - грунтовка глубокого проникновения; - гипсовая штукатурка; - грунтовка глубокого проникновения; - шпатлёвка; - грунтовка глубокого проникновения δ = 25 мм | M8: 22.5 | N8: - | O8: 0 | P8: см. раздел АИ | Q8: 316.5 | R8: =Таблица3[[#This Row],[Столбец1]] -> 2003 | S8: =ROUND(Таблица3[[#This Row],[Столбец4]] *0.99 - RANDBETWEEN(1, 3) - RANDBETWEEN(1,10) / 10, 1) -> 140.4 | T8: =ROUND(SUM(Таблица3[[#This Row],[Столбец6]:[Столбец13]]) * 0.99 - RANDBETWEEN(1, 3) - RANDBETWEEN(1,10) / 10, 1) -> 167.2 | U8: =SUM(S8:T8) -> 307.6
A9: 2004 | B9: Кабинет с рабочим пространством для учителей | C9: 1 | D9: - грунтовка "Бетоноконтакт"; - гипсовая штукатурка; - грунтовка глубокого проникновения; - шпатлёвка; - грунтовка глубокого проникновения δ = 25 мм | E9: 44.3 | F9: - | G9: 0 | H9: - грунтовка глубокого проникновения; - гипсовая штукатурка; - грунтовка глубокого проникновения; - шпатлёвка; - грунтовка глубокого проникновения δ = 25 мм | I9: 24.4 | J9: - грунтовка глубокого проникновения; - шпатлёвка; - грунтовка глубокого проникновения δ = 5 мм | K9: 9.5 | L9: - грунтовка глубокого проникновения; - гипсовая штукатурка; - грунтовка глубокого проникновения; - шпатлёвка; - грунтовка глубокого проникновения δ = 25 мм | M9: 37 | N9: - | O9: 0 | P9: см. раздел АИ | Q9: 115.2 | R9: =Таблица3[[#This Row],[Столбец1]] -> 2004 | S9: =ROUND(Таблица3[[#This Row],[Столбец4]] *0.99 - RANDBETWEEN(1, 3) - RANDBETWEEN(1,10) / 10, 1) -> 40.4 | T9: =ROUND(SUM(Таблица3[[#This Row],[Столбец6]:[Столбец13]]) * 0.99 - RANDBETWEEN(1, 3) - RANDBETWEEN(1,10) / 10, 1) -> 68.5 | U9: =SUM(S9:T9) -> 108.9
A10: 2005 | B10: Административный кабинет | C10: 1 | D10: - грунтовка "Бетоноконтакт"; - гипсовая штукатурка; - грунтовка глубокого проникновения; - шпатлёвка; - грунтовка глубокого проникновения δ = 25 мм | E10: 23.9 | F10: - | G10: 0 | H10: - грунтовка глубокого проникновения; - гипсовая штукатурка; - грунтовка глубокого проникновения; - шпатлёвка; - грунтовка глубокого проникновения δ = 25 мм | I10: 36 | J10: - | K10: 0 | L10: - грунтовка глубокого проникновения; - гипсовая штукатурка; - грунтовка глубокого проникновения; - шпатлёвка; - грунтовка глубокого проникновения δ = 25 мм | M10: 4.5 | N10: - | O10: 0 | P10: см. раздел АИ | Q10: 64.4 | R10: =Таблица3[[#This Row],[Столбец1]] -> 2005 | S10: =ROUND(Таблица3[[#This Row],[Столбец4]] *0.99 - RANDBETWEEN(1, 3) - RANDBETWEEN(1,10) / 10, 1) -> 20 | T10: =ROUND(SUM(Таблица3[[#This Row],[Столбец6]:[Столбец13]]) * 0.99 - RANDBETWEEN(1, 3) - RANDBETWEEN(1,10) / 10, 1) -> 37.6 | U10: =SUM(S10:T10) -> 57.6
A11: 2006 | B11: Верхние ряды актового зала | C11: - | D11: - грунтовка "Бетоноконтакт"; - гипсовая штукатурка; - грунтовка глубокого проникновения; - шпатлёвка; - грунтовка глубокого проникновения δ = 25 мм | E11: 20.4 | F11: - | G11: 0 | H11: - грунтовка глубокого проникновения; - гипсовая штукатурка; - грунтовка глубокого проникновения; - шпатлёвка; - грунтовка глубокого проникновения δ = 25 мм | I11: 45.8 | J11: - | K11: 0 | L11: - | M11: 0 | N11: - | O11: 0 | P11: см. раздел АИ | Q11: 66.2 | R11: =Таблица3[[#This Row],[Столбец1]] -> 2006 | S11: =ROUND(Таблица3[[#This Row],[Столбец4]] *0.99 - RANDBETWEEN(1, 3) - RANDBETWEEN(1,10) / 10, 1) -> 16.3 | T11: =ROUND(SUM(Таблица3[[#This Row],[Столбец6]:[Столбец13]]) * 0.99 - RANDBETWEEN(1, 3) - RANDBETWEEN(1,10) / 10, 1) -> 44.1 | U11: =SUM(S11:T11) -> 60.4
A12: 2007 | B12: Технический центр | C12: 1 | D12: - грунтовка "Бетоноконтакт"; - гипсовая штукатурка; - грунтовка глубокого проникновения; - шпатлёвка; - грунтовка глубокого проникновения δ = 25 мм | E12: 27.9 | F12: - | G12: 0 | H12: - грунтовка глубокого проникновения; - гипсовая штукатурка; - грунтовка глубокого проникновения; - шпатлёвка; - грунтовка глубокого проникновения δ = 25 мм | I12: 110.2 | J12: - | K12: 0 | L12: - грунтовка глубокого проникновения; - гипсовая штукатурка; - грунтовка глубокого проникновения; - шпатлёвка; - грунтовка глубокого проникновения δ = 25 мм | M12: 26.8 | N12: - | O12: 0 | P12: см. раздел АИ | Q12: 164.9 | R12: =Таблица3[[#This Row],[Столбец1]] -> 2007 | S12: =ROUND(Таблица3[[#This Row],[Столбец4]] *0.99 - RANDBETWEEN(1, 3) - RANDBETWEEN(1,10) / 10, 1) -> 24.3 | T12: =ROUND(SUM(Таблица3[[#This Row],[Столбец6]:[Столбец13]]) * 0.99 - RANDBETWEEN(1, 3) - RANDBETWEEN(1,10) / 10, 1) -> 132.7 | U12: =SUM(S12:T12) -> 157
A13: 2008 | B13: Лестничная клетка | C13: 1 | D13: - грунтовка "Бетоноконтакт"; - гипсовая штукатурка; - грунтовка глубокого проникновения; - шпатлёвка; - грунтовка глубокого проникновения δ = 25 мм | E13: 101.7 | F13: - | G13: 0 | H13: - | I13: 0 | J13: - | K13: 0 | L13: - | M13: 0 | N13: - | O13: 0 | P13: см. раздел АИ | Q13: 101.7 | R13: =Таблица3[[#This Row],[Столбец1]] -> 2008 | S13: =ROUND(Таблица3[[#This Row],[Столбец4]] *0.99 - RANDBETWEEN(1, 3) - RANDBETWEEN(1,10) / 10, 1) -> 98.1 | T13: =ROUND(SUM(Таблица3[[#This Row],[Столбец6]:[Столбец13]]) * 0.99 - RANDBETWEEN(1, 3) - RANDBETWEEN(1,10) / 10, 1) -> -3.8 | U13: =SUM(S13:T13) -> 94.3
A14: 2009 | B14: Лифтовый холл. Зона безопасности МГН | C14: 1 | D14: - грунтовка "Бетоноконтакт"; - гипсовая штукатурка; - грунтовка глубокого проникновения; - шпатлёвка; - грунтовка глубокого проникновения δ = 25 мм | E14: 35.9 | F14: - | G14: 0 | H14: - | I14: 0 | J14: - | K14: 0 | L14: - грунтовка глубокого проникновения; - гипсовая штукатурка; - грунтовка глубокого проникновения; - шпатлёвка; - грунтовка глубокого проникновения δ = 25 мм | M14: 13.1 | N14: - | O14: 0 | P14: см. раздел АИ | Q14: 49 | R14: =Таблица3[[#This Row],[Столбец1]] -> 2009 | S14: =ROUND(Таблица3[[#This Row],[Столбец4]] *0.99 - RANDBETWEEN(1, 3) - RANDBETWEEN(1,10) / 10, 1) -> 33.3 | T14: =ROUND(SUM(Таблица3[[#This Row],[Столбец6]:[Столбец13]]) * 0.99 - RANDBETWEEN(1, 3) - RANDBETWEEN(1,10) / 10, 1) -> 10.1 | U14: =SUM(S14:T14) -> 43.4
A15: 2010 | B15: Санузел для девочек | C15: 1 | D15: - грунтовка "Бетоноконтакт"; - штукатурка цементно-песчаным раствором М100 (армированная стекловолоконной или пластиковой сеткой); - грунтовка глубокого проникновения δ = 20 мм | E15: 10.8 | F15: - | G15: 0 | H15: - грунтовка глубокого проникновения; - штукатурка цементно-песчаным раствором М100 (армированная стекловолоконной или пластиковой сеткой); - грунтовка глубокого проникновения δ = 20 мм | I15: 36.9 | J15: - | K15: 0 | L15: - грунтовка глубокого проникновения; - штукатурка цементно-песчаным раствором М100 (армированная стекловолоконной или пластиковой сеткой); - грунтовка глубокого проникновения δ = 20 мм | M15: 43.1 | N15: - | O15: 0 | P15: см. раздел АИ | Q15: 100.8 | R15: =Таблица3[[#This Row],[Столбец1]] -> 2010 | S15: =ROUND(Таблица3[[#This Row],[Столбец4]] *0.99 - RANDBETWEEN(1, 3) - RANDBETWEEN(1,10) / 10, 1) -> 7 | T15: =ROUND(SUM(Таблица3[[#This Row],[Столбец6]:[Столбец13]]) * 0.99 - RANDBETWEEN(1, 3) - RANDBETWEEN(1,10) / 10, 1) -> 78.1 | U15: =SUM(S15:T15) -> 85.1
A16: 2011 | B16: Помещение уборочного инвентаря | C16: 1 | D16: - | E16: 0 | F16: - | G16: 0 | H16: - грунтовка глубокого проникновения; - штукатурка цементно-песчаным раствором М100 (армированная стекловолоконной или пластиковой сеткой); - грунтовка глубокого проникновения δ = 20 мм | I16: 3 | J16: - | K16: 0 | L16: - грунтовка глубокого проникновения; - штукатурка цементно-песчаным раствором М100 (армированная стекловолоконной или пластиковой сеткой); - грунтовка глубокого проникновения δ = 20 мм | M16: 30 | N16: - | O16: 0 | P16: см. раздел АИ | Q16: 33 | R16: =Таблица3[[#This Row],[Столбец1]] -> 2011 | S16: =ROUND(Таблица3[[#This Row],[Столбец4]] *0.99 - RANDBETWEEN(1, 3) - RANDBETWEEN(1,10) / 10, 1) -> -1.1 | T16: =ROUND(SUM(Таблица3[[#This Row],[Столбец6]:[Столбец13]]) * 0.99 - RANDBETWEEN(1, 3) - RANDBETWEEN(1,10) / 10, 1) -> 31 | U16: =SUM(S16:T16) -> 29.9
A17: 2012 | B17: Учебный кабинет (2-4 классы) | C17: 1 | D17: - грунтовка "Бетоноконтакт"; - гипсовая штукатурка; - грунтовка глубокого проникновения; - шпатлёвка; - грунтовка глубокого проникновения δ = 25 мм | E17: 25.9 | F17: - | G17: 0 | H17: - грунтовка глубокого проникновения; - гипсовая штукатурка; - грунтовка глубокого проникновения; - шпатлёвка; - грунтовка глубокого проникновения δ = 25 мм | I17: 61.5 | J17: - | K17: 0 | L17: - грунтовка глубокого проникновения; - гипсовая штукатурка; - грунтовка глубокого проникновения; - шпатлёвка; - грунтовка глубокого проникновения δ = 25 мм | M17: 28.7 | N17: - | O17: 0 | P17: см. раздел АИ | Q17: 116.2 | R17: =Таблица3[[#This Row],[Столбец1]] -> 2012 | S17: =ROUND(Таблица3[[#This Row],[Столбец4]] *0.99 - RANDBETWEEN(1, 3) - RANDBETWEEN(1,10) / 10, 1) -> 22.5 | T17: =ROUND(SUM(Таблица3[[#This Row],[Столбец6]:[Столбец13]]) * 0.99 - RANDBETWEEN(1, 3) - RANDBETWEEN(1,10) / 10, 1) -> 87.4 | U17: =SUM(S17:T17) -> 109.9
A18: 2013 | B18: Учебный кабинет (2-4 классы) | C18: 1 | D18: - грунтовка "Бетоноконтакт"; - гипсовая штукатурка; - грунтовка глубокого проникновения; - шпатлёвка; - грунтовка глубокого проникновения δ = 25 мм | E18: 26.5 | F18: - | G18: 0 | H18: - грунтовка глубокого проникновения; - гипсовая штукатурка; - грунтовка глубокого проникновения; - шпатлёвка; - грунтовка глубокого проникновения δ = 25 мм | I18: 63 | J18: - | K18: 0 | L18: - грунтовка глубокого проникновения; - гипсовая штукатурка; - грунтовка глубокого проникновения; - шпатлёвка; - грунтовка глубокого проникновения δ = 25 мм | M18: 26.8 | N18: - | O18: 0 | P18: см. раздел АИ | Q18: 116.2 | R18: =Таблица3[[#This Row],[Столбец1]] -> 2013 | S18: =ROUND(Таблица3[[#This Row],[Столбец4]] *0.99 - RANDBETWEEN(1, 3) - RANDBETWEEN(1,10) / 10, 1) -> 25 | T18: =ROUND(SUM(Таблица3[[#This Row],[Столбец6]:[Столбец13]]) * 0.99 - RANDBETWEEN(1, 3) - RANDBETWEEN(1,10) / 10, 1) -> 85.1 | U18: =SUM(S18:T18) -> 110.1
A19: 2014 | B19: Учебный кабинет (2-4 классы) | C19: 1 | D19: - грунтовка "Бетоноконтакт"; - гипсовая штукатурка; - грунтовка глубокого проникновения; - шпатлёвка; - грунтовка глубокого проникновения δ = 25 мм | E19: 41.1 | F19: - | G19: 0 | H19: - грунтовка глубокого проникновения; - гипсовая штукатурка; - грунтовка глубокого проникновения; - шпатлёвка; - грунтовка глубокого проникновения δ = 25 мм | I19: 61.3 | J19: - | K19: 0 | L19: - грунтовка глубокого проникновения; - гипсовая штукатурка; - грунтовка глубокого проникновения; - шпатлёвка; - грунтовка глубокого проникновения δ = 25 мм | M19: 15.2 | N19: - | O19: 0 | P19: см. раздел АИ | Q19: 117.6 | R19: =Таблица3[[#This Row],[Столбец1]] -> 2014 | S19: =ROUND(Таблица3[[#This Row],[Столбец4]] *0.99 - RANDBETWEEN(1, 3) - RANDBETWEEN(1,10) / 10, 1) -> 37.4 | T19: =ROUND(SUM(Таблица3[[#This Row],[Столбец6]:[Столбец13]]) * 0.99 - RANDBETWEEN(1, 3) - RANDBETWEEN(1,10) / 10, 1) -> 73 | U19: =SUM(S19:T19) -> 110.4
A20: 2015 | B20: Учебный кабинет (2-4 классы) | C20: 2 | D20: - грунтовка "Бетоноконтакт"; - гипсовая штукатурка; - грунтовка глубокого проникновения; - шпатлёвка; - грунтовка глубокого проникновения δ = 25 мм | E20: 34.3 | F20: - | G20: 0 | H20: - грунтовка глубокого проникновения; - гипсовая штукатурка; - грунтовка глубокого проникновения; - шпатлёвка; - грунтовка глубокого проникновения δ = 25 мм | I20: 59.8 | J20: - | K20: 0 | L20: - грунтовка глубокого проникновения; - гипсовая штукатурка; - грунтовка глубокого проникновения; - шпатлёвка; - грунтовка глубокого проникновения δ = 25 мм | M20: 25.1 | N20: - | O20: 0 | P20: см. раздел АИ | Q20: 119.3 | R20: =Таблица3[[#This Row],[Столбец1]] -> 2015 | S20: =ROUND(Таблица3[[#This Row],[Столбец4]] *0.99 - RANDBETWEEN(1, 3) - RANDBETWEEN(1,10) / 10, 1) -> 30.1 | T20: =ROUND(SUM(Таблица3[[#This Row],[Столбец6]:[Столбец13]]) * 0.99 - RANDBETWEEN(1, 3) - RANDBETWEEN(1,10) / 10, 1) -> 82.8 | U20: =SUM(S20:T20) -> 112.9
A21: 2016 | B21: Учебный кабинет (2-4 классы) | C21: 2 | D21: - грунтовка "Бетоноконтакт"; - гипсовая штукатурка; - грунтовка глубокого проникновения; - шпатлёвка; - грунтовка глубокого проникновения δ = 25 мм | E21: 52.6 | F21: - | G21: 0 | H21: - грунтовка глубокого проникновения; - гипсовая штукатурка; - грунтовка глубокого проникновения; - шпатлёвка; - грунтовка глубокого проникновения δ = 25 мм | I21: 49.3 | J21: - | K21: 0 | L21: - грунтовка глубокого проникновения; - гипсовая штукатурка; - грунтовка глубокого проникновения; - шпатлёвка; - грунтовка глубокого проникновения δ = 25 мм | M21: 12.2 | N21: - | O21: 0 | P21: см. раздел АИ | Q21: 114.1 | R21: =Таблица3[[#This Row],[Столбец1]] -> 2016 | S21: =ROUND(Таблица3[[#This Row],[Столбец4]] *0.99 - RANDBETWEEN(1, 3) - RANDBETWEEN(1,10) / 10, 1) -> 50 | T21: =ROUND(SUM(Таблица3[[#This Row],[Столбец6]:[Столбец13]]) * 0.99 - RANDBETWEEN(1, 3) - RANDBETWEEN(1,10) / 10, 1) -> 58.3 | U21: =SUM(S21:T21) -> 108.3
A22: 2017 | B22: Рекреация начальных классов (с коридором) | C22: 2 | D22: - грунтовка "Бетоноконтакт"; - гипсовая штукатурка; - грунтовка глубокого проникновения; - шпатлёвка; - грунтовка глубокого проникновения δ = 25 мм | E22: 174.9 | F22: - | G22: 0 | H22: - грунтовка глубокого проникновения; - гипсовая штукатурка; - грунтовка глубокого проникновения; - шпатлёвка; - грунтовка глубокого проникновения δ = 25 мм | I22: 145.6 | J22: - грунтовка глубокого проникновения; - шпатлёвка; - грунтовка глубокого проникновения δ = 5 мм | K22: 10.6 | L22: - грунтовка глубокого проникновения; - гипсовая штукатурка; - грунтовка глубокого проникновения; - шпатлёвка; - грунтовка глубокого проникновения δ = 25 мм | M22: 33 | N22: - | O22: 0 | P22: см. раздел АИ | Q22: 364 | R22: =Таблица3[[#This Row],[Столбец1]] -> 2017 | S22: =ROUND(Таблица3[[#This Row],[Столбец4]] *0.99 - RANDBETWEEN(1, 3) - RANDBETWEEN(1,10) / 10, 1) -> 171.9 | T22: =ROUND(SUM(Таблица3[[#This Row],[Столбец6]:[Столбец13]]) * 0.99 - RANDBETWEEN(1, 3) - RANDBETWEEN(1,10) / 10, 1) -> 183.5 | U22: =SUM(S22:T22) -> 355.4
A23: 2018 | B23: Санузел для мальчиков | C23: 2 | D23: - грунтовка "Бетоноконтакт"; - штукатурка цементно-песчаным раствором М100 (армированная стекловолоконной или пластиковой сеткой); - грунтовка глубокого проникновения δ = 20 мм | E23: 26.1 | F23: - | G23: 0 | H23: - грунтовка глубокого проникновения; - штукатурка цементно-песчаным раствором М100 (армированная стекловолоконной или пластиковой сеткой); - грунтовка глубокого проникновения δ = 20 мм | I23: 10.4 | J23: - | K23: 0 | L23: - грунтовка глубокого проникновения; - штукатурка цементно-песчаным раствором М100 (армированная стекловолоконной или пластиковой сеткой); - грунтовка глубокого проникновения δ = 20 мм | M23: 41.9 | N23: - | O23: 0 | P23: см. раздел АИ | Q23: 78.4 | R23: =Таблица3[[#This Row],[Столбец1]] -> 2018 | S23: =ROUND(Таблица3[[#This Row],[Столбец4]] *0.99 - RANDBETWEEN(1, 3) - RANDBETWEEN(1,10) / 10, 1) -> 24.3 | T23: =ROUND(SUM(Таблица3[[#This Row],[Столбец6]:[Столбец13]]) * 0.99 - RANDBETWEEN(1, 3) - RANDBETWEEN(1,10) / 10, 1) -> 49.5 | U23: =SUM(S23:T23) -> 73.8
... A142: 3067 | B142: Зона безопасности МГН | C142: 2 | D142: - грунтовка "Бетоноконтакт"; - гипсовая штукатурка; - грунтовка глубокого проникновения; - шпатлёвка; - грунтовка глубокого проникновения δ = 25 мм | E142: 32.9 | F142: - | G142: 0 | H142: - грунтовка глубокого проникновения; - гипсовая штукатурка; - грунтовка глубокого проникновения; - шпатлёвка; - грунтовка глубокого проникновения δ = 25 мм | I142: 14.6 | J142: - | K142: 0 | L142: - грунтовка глубокого проникновения; - гипсовая штукатурка; - грунтовка глубокого проникновения; - шпатлёвка; - грунтовка глубокого проникновения δ = 25 мм | M142: 8.8 | N142: - | O142: 0 | P142: см. раздел АИ | Q142: 56.2 | R142: =Таблица3[[#This Row],[Столбец1]] -> 3067 | S142: =ROUND(Таблица3[[#This Row],[Столбец4]] *0.99 - RANDBETWEEN(1, 3) - RANDBETWEEN(1,10) / 10, 1) -> 31.1 | T142: =ROUND(SUM(Таблица3[[#This Row],[Столбец6]:[Столбец13]]) * 0.99 - RANDBETWEEN(1, 3) - RANDBETWEEN(1,10) / 10, 1) -> 20 | U142: =SUM(S142:T142) -> 51.1

Sheet Таб.1этап
B1: Ведомость работ и используемых материалов
A2: № п.п. | B2: Наименование затрат | C2: Комментарий подрядчика | D2: Ед. изм. | E2: Коэф.расхода | F2: Объем
B3: Оклейка швов сопряжения бетонных и других поверхностей стен, перегородок (газобетон, ПГП, панели АКОТЕК и др.) стеклохолстом | C3: 2эт - 1826,61м.п., 3эт. - 2045,25м.п. | D3: пог. м | E3: 1 | F3: 0
B4: Подготовка поверхности СКБ / стен / по штукатурке / 2мм | C4: 2 этаж. Шпаклевка финишная для высококачественной отделки. | D4: м2 | E4: 1 | F4: 0
B5: Подготовка поверхности СКБ / стен / по штукатурке / 2мм | C5: 3 этаж. Шпаклевка финишная для высококачественной отделки. | D5: м2 | E5: 1 | F5: 0
B6: Подготовка поверхности СКБ / стен / по штукатурке / 2мм | C6: 2 этаж. Шпаклевка базовая. | D6: м2 | E6: 1 | F6: 0
B7: Подготовка поверхности СКБ / стен / по штукатурке / 2мм | C7: 3 этаж. Шпаклевка базовая. | D7: м2 | E7: 1 | F7: 0
B8: Штукатурка стен цементным, цементно-песчаным раствором с предварительной огрунтовкой / толщ. от 21 до 40 мм / высотой до 4 метров | C8: 2 этаж. Штукатурка по ЖБ. Толщина слоя согласованна с ПГ. | D8: м2 | E8: 1 | F8: 0
B9: Штукатурка стен цементным, цементно-песчаным раствором с предварительной огрунтовкой / толщ. от 21 до 40 мм / высотой до 4 метров | C9: 2 этаж. Штукатурка по блоку, ГСП, ПГП. Толщина слоя согласованна с ПГ | D9: м2 | E9: 1 | F9: 0
B10: Штукатурка стен цементным, цементно-песчаным раствором с предварительной огрунтовкой / толщ. от 21 до 40 мм / высотой до 4 метров | C10: 3 этаж. Штукатурка по ЖБ. Толщина слоя согласованна с ПГ. | D10: м2 | E10: 1 | F10: 0
B11: Штукатурка стен цементным, цементно-песчаным раствором с предварительной огрунтовкой / толщ. от 21 до 40 мм / высотой до 4 метров | C11: 3 этаж. Штукатурка по блоку, ГСП, ПГП. Толщина слоя согласованна с ПГ | D11: м2 | E11: 1 | F11: 0
B12: Штукатурка стен гипсовыми смесями с предварительной огрунтовкой СКБ / толщ. от 21 до 40 мм / высотой от 4,01 до 8 метров | C12: 2 этаж. Штукатурка по ЖБ. Толщина слоя согласованна с ПГ. | D12: м2 | E12: 1 | F12: 0
B13: Штукатурка стен гипсовыми смесями с предварительной огрунтовкой СКБ / толщ. от 21 до 40 мм / высотой от 4,01 до 8 метров | C13: 2 этаж. Штукатурка по блоку и ПГП. Толщина слоя согласованна с ПГ | D13: м2 | E13: 1 | F13: 0
B14: Штукатурка стен гипсовыми смесями с предварительной огрунтовкой СКБ / толщ. от 21 до 40 мм / высотой от 4,01 до 8 метров | C14: 3 этаж. Штукатурка по ЖБ. Толщина слоя согласованна с ПГ. | D14: м2 | E14: 1 | F14: 0
B15: Штукатурка стен гипсовыми смесями с предварительной огрунтовкой СКБ / толщ. от 21 до 40 мм / высотой от 4,01 до 8 метров | C15: 3 этаж. Штукатурка по блоку и ПГП. Толщина слоя согласованна с ПГ | D15: м2 | E15: 1 | F15: 0

Sheet 1n.7s2f
B1: Ведомость работ и используемых материалов
A2: № п.п. | B2: Наименование затрат | C2: Комментарий подрядчика | D2: Ед. изм. | E2: Коэф.расхода | F2: Объем
A3: 1 | B3: Оклейка швов сопряжения бетонных и других поверхностей стен, перегородок (газобетон, ПГП, панели АКОТЕК и др.) стеклохолстом | C3: 2эт - 1826,61м.п., 3эт. - 2045,25м.п. | D3: пог. м | E3: 1 | F3: =Лист1!Y19 -> 244.15
A4: 2 | B4: Подготовка поверхности СКБ / стен / по штукатурке / 2мм | C4: 2 этаж. Шпаклевка базовая. | D4: м2 | E4: 1 | F4: ='1.n'!E12 -> 1151.9
A5: 3 | B5: Штукатурка стен гипсовыми смесями с предварительной огрунтовкой СКБ / толщ. от 21 до 40 мм / высотой от 4,01 до 8 метров | C5: 2 этаж. Штукатурка по ЖБ. Толщина слоя согласованна с ПГ. | D5: м2 | E5: 1 | F5: ='1.n'!C12 -> 472
A6: 4 | B6: Штукатурка стен гипсовыми смесями с предварительной огрунтовкой СКБ / толщ. от 21 до 40 мм / высотой от 4,01 до 8 метров | C6: 2 этаж. Штукатурка по блоку и ПГП. Толщина слоя согласованна с ПГ | D6: м2 | E6: 1 | F6: ='1.n'!D12 -> 679.9

Sheet 1.n
A1: Спецификация выполненных работ
A2: Штукатурка стен и базовая шпаклевка
C3: по ж/б поверхностям | D3: по газобетонному блоку и ПГП | E3: Итог
A4: № п.п. | B4: Помещения: | C4: Объем, м² | D4: Объем, м²
A5: 1 | B5: 2.057 | C5: 10.8 | D5: 48.9 | E5: 59.7
A6: 2 | B6: 2.058 | C6: 143.5 | D6: 105.9 | E6: 249.4
A7: 3 | B7: 2.060 | C7: 20.5 | D7: 67.1 | E7: 87.6
A8: 4 | B8: 2.061 | C8: 61 | D8: 152.8 | E8: 213.8
A9: 5 | B9: 2.062 | C9: 110.2 | D9: 159.9 | E9: 270.1
A10: 6 | B10: 2.064 | C10: 58.5 | D10: 53.6 | E10: 112.1
A11: 7 | B11: 2.066 | C11: 67.5 | D11: 91.7 | E11: 159.2
B12: сумма: | C12: =SUM(C5:C11) -> 472 | D12: =SUM(D5:D11) -> 679.9 | E12: =SUM(E5:E11) -> 1151.9

Sheet Таб.1этап (2)
B1: Ведомость работ и используемых материалов
A2: № п.п. | B2: Наименование затрат | C2: Комментарий подрядчика | D2: Ед. изм. | E2: Коэф.расхода | F2: Объем
B3: Оклейка швов сопряжения бетонных и других поверхностей стен, перегородок (газобетон, ПГП, панели АКОТЕК и др.) стеклохолстом | C3: 2эт - 1826,61м.п., 3эт. - 2045,25м.п. | D3: пог. м | E3: 1 | F3: 0
B4: Подготовка поверхности СКБ / стен / по штукатурке / 2мм | C4: 2 этаж. Шпаклевка финишная для высококачественной отделки. | D4: м2 | E4: 1 | F4: 0
B5: Подготовка поверхности СКБ / стен / по штукатурке / 2мм | C5: 3 этаж. Шпаклевка финишная для высококачественной отделки. | D5: м2 | E5: 1 | F5: 0
B6: Подготовка поверхности СКБ / стен / по штукатурке / 2мм | C6: 2 этаж. Шпаклевка базовая. | D6: м2 | E6: 1 | F6: 0
B7: Подготовка поверхности СКБ / стен / по штукатурке / 2мм | C7: 3 этаж. Шпаклевка базовая. | D7: м2 | E7: 1 | F7: 0
B8: Штукатурка стен цементным, цементно-песчаным раствором с предварительной огрунтовкой / толщ. от 21 до 40 мм / высотой до 4 метров | C8: 2 этаж. Штукатурка по ЖБ. Толщина слоя согласованна с ПГ. | D8: м2 | E8: 1 | F8: 0
B9: Штукатурка стен цементным, цементно-песчаным раствором с предварительной огрунтовкой / толщ. от 21 до 40 мм / высотой до 4 метров | C9: 2 этаж. Штукатурка по блоку, ГСП, ПГП. Толщина слоя согласованна с ПГ | D9: м2 | E9: 1 | F9: 0
B10: Штукатурка стен цементным, цементно-песчаным раствором с предварительной огрунтовкой / толщ. от 21 до 40 мм / высотой до 4 метров | C10: 3 этаж. Штукатурка по ЖБ. Толщина слоя согласованна с ПГ. | D10: м2 | E10: 1 | F10: 0
B11: Штукатурка стен цементным, цементно-песчаным раствором с предварительной огрунтовкой / толщ. от 21 до 40 мм / высотой до 4 метров | C11: 3 этаж. Штукатурка по блоку, ГСП, ПГП. Толщина слоя согласованна с ПГ | D11: м2 | E11: 1 | F11: 0
B12: Штукатурка стен гипсовыми смесями с предварительной огрунтовкой СКБ / толщ. от 21 до 40 мм / высотой от 4,01 до 8 метров | C12: 2 этаж. Штукатурка по ЖБ. Толщина слоя согласованна с ПГ. | D12: м2 | E12: 1 | F12: 0
B13: Штукатурка стен гипсовыми смесями с предварительной огрунтовкой СКБ / толщ. от 21 до 40 мм / высотой от 4,01 до 8 метров | C13: 2 этаж. Штукатурка по блоку и ПГП. Толщина слоя согласованна с ПГ | D13: м2 | E13: 1 | F13: 0
B14: Штукатурка стен гипсовыми смесями с предварительной огрунтовкой СКБ / толщ. от 21 до 40 мм / высотой от 4,01 до 8 метров | C14: 3 этаж. Штукатурка по ЖБ. Толщина слоя согласованна с ПГ. | D14: м2 | E14: 1 | F14: 0
B15: Штукатурка стен гипсовыми смесями с предварительной огрунтовкой СКБ / толщ. от 21 до 40 мм / высотой от 4,01 до 8 метров | C15: 3 этаж. Штукатурка по блоку и ПГП. Толщина слоя согласованна с ПГ | D15: м2 | E15: 1 | F15: 0

Sheet 3расчет
